Symbol,Code,Value
1INCH,79.0,1
1INCH,169.0,0
1INCH,71.0,1
1INCH,5.0,0
1INCH,78.0,0
1INCH,19.0,1
1INCH,177.0,0
1INCH,49.0,0
1INCH,66.0,0
1INCH,81.0,0
1INCH,206.0,0
1INCH,210.0,0
1INCH,1949.0,0
1INCH,8.0,0
1INCH,178.0,0
1INCH,182.0,0
1INCH,184.0,0
1INCH,187.0,0
1INCH,192.0,0
1INCH,205.0,0
1INCH,309.0,0
1INCH,316.0,0
1INCH,320.0,0
1INCH,1251.0,0
1INCH,1475.0,0
1INCH,1544.0,0
1INCH,1545.0,0
1INCH,1735.0,0
1INCH,1751.0,0
1INCH,1825.0,0
1INCH,1865.0,0
1INCH,1868.0,0
1INCH,2078.0,0
1INCH,2119.0,0
1INCH,2269.0,0
AAVE,79.0,1
AAVE,180.0,0
AAVE,169.0,0
AAVE,71.0,0
AAVE,5.0,0
AAVE,101.0,0
AAVE,66.0,0
AAVE,78.0,0
AAVE,114.0,0
AAVE,2006.0,0
AAVE,61.0,0
AAVE,185.0,0
AAVE,206.0,0
AAVE,132.0,0
AAVE,158.0,0
AAVE,210.0,0
AAVE,309.0,0
AAVE,1401.0,0
AAVE,1751.0,0
AAVE,14.0,0
AAVE,192.0,0
AAVE,269.0,0
AAVE,316.0,0
AAVE,320.0,0
AAVE,323.0,0
AAVE,324.0,0
AAVE,325.0,0
AAVE,364.0,0
AAVE,1478.0,0
AAVE,1718.0,0
AAVE,1809.0,0
AAVE,1949.0,0
AAVE,2076.0,0
AAVE,2078.0,0
AAVE,2103.0,0
AAVE,2298.0,0
ACA,1825.0,1
ACA,5.0,0
ACA,49.0,0
ACA,19.0,1
ACA,1751.0,0
ACA,1251.0,0
ACA,1475.0,0
ACA,1544.0,0
ACA,1545.0,0
ACA,1735.0,0
ACA,1865.0,0
ACA,3.0,0
ACA,119.0,0
ACA,1868.0,0
ACE,322.0,1
ACH,101.0,0
ACH,5.0,1
ACH,187.0,0
ACH,158.0,0
ACH,208.0,0
ACH,882.0,0
ACH,922.0,0
ACH,1751.0,0
ACH,1825.0,0
ACH,1868.0,0
ADA,101.0,1
ADA,79.0,1
ADA,180.0,0
ADA,71.0,0
ADA,78.0,1
ADA,169.0,0
ADA,179.0,0
ADA,5.0,0
ADA,19.0,0
ADA,8.0,0
ADA,49.0,0
ADA,66.0,0
ADA,275.0,0
ADA,1968.0,0
ADA,2006.0,0
ADA,2131.0,0
ADA,114.0,0
ADA,158.0,0
ADA,182.0,0
ADA,183.0,0
ADA,187.0,0
ADA,206.0,0
ADA,210.0,0
ADA,21.0,0
ADA,29.0,0
ADA,177.0,0
ADA,184.0,0
ADA,269.0,0
ADA,309.0,0
ADA,323.0,0
ADA,324.0,0
ADA,325.0,0
ADA,330.0,0
ADA,1701.0,0
ADA,1865.0,0
ADA,1878.0,0
ADA,2078.0,0
ADA,2079.0,0
ADA,2088.0,0
ADA,2269.0,0
ADX,5.0,1
ADX,19.0,1
ADX,2079.0,0
ADX,17.0,0
ADX,18.0,0
ADX,49.0,0
ADX,1773.0,1
ADX,59.0,0
ADX,1865.0,0
ADX,1868.0,0
ADX,2088.0,0
AERGO,5.0,0
AERGO,19.0,1
AERGO,1735.0,0
AERGO,49.0,1
AERGO,1865.0,0
AERGO,2006.0,0
AGI,5.0,1
AGI,19.0,1
AGI,49.0,0
AGI,18.0,0
AGI,17.0,0
AGI,2079.0,0
AGI,2131.0,0
AGI,1773.0,0
AGI,2088.0,0
AGIX,5.0,1
AGIX,1735.0,0
AGIX,1751.0,0
AGIX,1825.0,0
AGIX,19.0,1
AGIX,78.0,0
AGIX,316.0,0
AGIX,49.0,0
AGIX,158.0,0
AGIX,169.0,0
AGIX,182.0,0
AGIX,320.0,0
AGIX,1868.0,0
AGIX,2133.0,0
AION,5.0,1
AION,19.0,0
AION,49.0,0
AION,18.0,0
AION,17.0,0
AION,1773.0,0
AION,1809.0,0
AION,1868.0,0
AION,1878.0,0
AION,2079.0,0
AION,2131.0,0
AION,2298.0,0
AKRO,79.0,1
AKRO,169.0,0
AKRO,309.0,0
AKRO,19.0,0
AKRO,5.0,1
AKRO,78.0,0
AKRO,114.0,0
AKRO,210.0,0
AKRO,325.0,0
AKRO,2119.0,0
AKRO,323.0,0
AKRO,324.0,0
AKRO,1868.0,0
AKRO,2103.0,0
ALCX,19.0,1
ALCX,67.0,0
ALCX,1251.0,0
ALCX,1475.0,0
ALCX,1544.0,0
ALCX,1545.0,0
ALCX,1735.0,0
ALCX,1751.0,0
ALCX,1825.0,0
ALCX,1865.0,0
ALCX,5.0,0
ALGO,79.0,1
ALGO,169.0,1
ALGO,5.0,1
ALGO,71.0,0
ALGO,18.0,0
ALGO,49.0,0
ALGO,66.0,0
ALGO,78.0,0
ALGO,206.0,0
ALGO,180.0,0
ALGO,1773.0,0
ALGO,19.0,0
ALGO,2006.0,0
ALGO,17.0,0
ALGO,29.0,0
ALGO,101.0,0
ALGO,173.0,0
ALGO,201.0,0
ALGO,1701.0,0
ALGO,1878.0,0
ALGO,2131.0,0
ALGO,21.0,0
ALGO,61.0,0
ALGO,81.0,0
ALGO,132.0,0
ALGO,158.0,0
ALGO,177.0,0
ALGO,178.0,0
ALGO,182.0,0
ALGO,221.0,0
ALGO,364.0,0
ALGO,1957.0,0
ALGO,1981.0,0
ALGO,2000.0,0
ALGO,2103.0,0
ALGO,2269.0,0
ALICE,79.0,1
ALICE,169.0,0
ALICE,101.0,0
ALICE,5.0,0
ALICE,71.0,0
ALICE,78.0,0
ALICE,19.0,0
ALICE,66.0,0
ALICE,114.0,0
ALICE,173.0,0
ALICE,177.0,0
ALICE,49.0,0
ALICE,179.0,0
ALICE,210.0,0
ALICE,309.0,0
ALICE,323.0,0
ALICE,1865.0,1
ALICE,2103.0,0
ALICE,2133.0,0
ALICE,81.0,0
ALICE,132.0,0
ALICE,181.0,0
ALICE,182.0,0
ALICE,184.0,0
ALICE,206.0,0
ALICE,325.0,0
ALICE,1735.0,0
ALICE,1878.0,0
ALICE,2078.0,0
ALPACA,5.0,1
ALPACA,67.0,0
ALPACA,19.0,0
ALPACA,357.0,0
ALPACA,1751.0,0
ALPHA,79.0,1
ALPHA,101.0,1
ALPHA,5.0,0
ALPHA,169.0,0
ALPHA,71.0,0
ALPHA,78.0,0
ALPHA,173.0,0
ALPHA,49.0,0
ALPHA,114.0,0
ALPHA,19.0,0
ALPHA,179.0,0
ALPHA,210.0,1
ALPHA,309.0,0
ALPHA,324.0,0
ALPHA,182.0,0
ALPHA,207.0,0
ALPHA,323.0,0
ALPHA,325.0,0
ALPHA,2133.0,0
ALPHA,61.0,0
ALPHA,66.0,0
ALPHA,81.0,0
ALPHA,158.0,0
ALPHA,190.0,0
ALPHA,206.0,0
ALPHA,208.0,0
ALPHA,330.0,0
ALPHA,1401.0,0
AMB,19.0,1
AMB,5.0,1
AMB,49.0,0
AMB,2133.0,0
AMB,1735.0,0
AMB,2088.0,0
AMB,1751.0,0
AMB,1825.0,0
AMB,1868.0,0
AMB,2131.0,0
AMB,3.0,0
AMB,8.0,0
AMB,18.0,0
AMB,309.0,0
AMB,915.0,0
AMB,1701.0,0
AMB,1865.0,0
AMB,1943.0,0
AMB,2079.0,0
AMB,2138.0,0
AMP,5.0,0
AMP,19.0,1
AMP,49.0,0
AMP,1251.0,0
AMP,1475.0,0
AMP,1544.0,0
AMP,1545.0,0
AMP,1735.0,0
AMP,1751.0,0
AMP,1825.0,0
AMP,1865.0,0
AMP,1868.0,0
ANKR,101.0,0
ANKR,5.0,0
ANKR,2119.0,0
ANKR,19.0,1
ANKR,191.0,0
ANKR,78.0,0
ANKR,114.0,0
ANKR,1751.0,0
ANKR,1825.0,0
ANKR,2133.0,0
ANKR,81.0,0
ANKR,182.0,0
ANKR,192.0,0
ANKR,1701.0,0
ANKR,1878.0,0
ANT,71.0,0
ANT,5.0,1
ANT,180.0,0
ANT,66.0,0
ANT,2133.0,0
ANT,49.0,0
ANT,78.0,0
ANT,182.0,0
ANT,1868.0,0
ANT,19.0,0
ANT,81.0,0
ANT,158.0,0
ANT,2006.0,0
APE,101.0,1
APE,169.0,0
APE,71.0,0
APE,78.0,0
APE,2131.0,0
APE,182.0,0
APE,66.0,0
APE,177.0,0
APE,49.0,0
APE,67.0,0
APE,173.0,0
APE,206.0,0
APE,207.0,0
APE,1701.0,0
APE,158.0,0
APE,183.0,0
APE,184.0,0
APE,190.0,0
APE,201.0,0
APE,210.0,0
APE,221.0,0
APE,2078.0,0
API3,101.0,1
API3,210.0,0
API3,187.0,0
API3,192.0,0
API3,2133.0,0
API3,5.0,0
API3,8.0,0
API3,19.0,1
API3,49.0,0
API3,71.0,0
API3,78.0,0
API3,182.0,0
API3,184.0,0
API3,190.0,0
API3,364.0,0
API3,1251.0,0
API3,1475.0,0
API3,1544.0,0
API3,1545.0,0
API3,1735.0,0
API3,1751.0,0
API3,1825.0,0
API3,1865.0,0
API3,2269.0,0
APPC,5.0,0
APPC,19.0,1
APPC,49.0,0
APPC,2079.0,0
APPC,18.0,0
APPC,2131.0,0
APPC,17.0,0
APPC,1773.0,0
APPC,1776.0,0
APPC,1943.0,0
APPC,2088.0,0
APPC,2138.0,0
APT,71.0,0
APT,101.0,0
APT,206.0,0
APT,78.0,0
APT,185.0,1
APT,158.0,0
APT,179.0,0
APT,182.0,0
APT,190.0,0
APT,210.0,0
APT,3.0,0
APT,5.0,0
APT,19.0,1
APT,49.0,0
APT,66.0,0
APT,177.0,0
APT,178.0,0
APT,184.0,0
APT,192.0,0
APT,316.0,0
APT,320.0,0
APT,364.0,0
APT,1251.0,0
APT,1475.0,0
APT,1544.0,0
APT,1545.0,0
APT,1701.0,0
APT,1735.0,0
APT,1751.0,0
APT,1825.0,0
APT,1865.0,0
ARDR,5.0,1
ARDR,19.0,1
ARDR,49.0,1
ARDR,1735.0,0
ARDR,2079.0,0
ARDR,2131.0,0
ARDR,17.0,0
ARDR,18.0,0
ARDR,119.0,0
ARDR,357.0,0
ARK,5.0,1
ARK,19.0,1
ARK,49.0,0
ARK,18.0,0
ARK,345.0,0
ARK,1735.0,0
ARK,2088.0,0
ARN,19.0,1
ARN,5.0,0
ARN,17.0,0
ARN,18.0,0
ARN,1864.0,0
ARN,49.0,0
ARN,1773.0,0
ARN,1878.0,1
ARN,2079.0,0
ARN,2088.0,0
ARN,2131.0,0
ARPA,169.0,0
ARPA,5.0,1
ARPA,19.0,0
ARPA,1751.0,0
ARPA,2133.0,0
ARPA,17.0,0
ARPA,18.0,1
ARPA,49.0,0
ARPA,114.0,0
ARPA,180.0,0
ARPA,1735.0,0
ARPA,1868.0,0
ARPA,78.0,0
ARPA,178.0,0
ARPA,182.0,0
ARPA,206.0,0
ARPA,219.0,0
ARPA,1773.0,0
ARPA,1864.0,0
ARPA,1865.0,0
ARPA,1957.0,0
ARPA,1981.0,0
ARPA,2000.0,0
ARPA,2119.0,0
AST,5.0,1
AST,19.0,1
AST,49.0,1
AST,2079.0,1
AST,1751.0,0
AST,1825.0,0
AST,18.0,1
AST,119.0,0
AST,1735.0,0
AST,1773.0,0
AST,2131.0,0
AST,17.0,0
AST,29.0,0
AST,357.0,0
AST,1865.0,0
AST,1868.0,0
ATOM,79.0,1
ATOM,180.0,1
ATOM,169.0,0
ATOM,177.0,0
ATOM,5.0,1
ATOM,71.0,0
ATOM,66.0,0
ATOM,78.0,0
ATOM,81.0,0
ATOM,173.0,0
ATOM,208.0,0
ATOM,206.0,0
ATOM,61.0,0
ATOM,132.0,0
ATOM,179.0,0
ATOM,187.0,0
ATOM,210.0,0
ATOM,1878.0,0
ATOM,2119.0,0
ATOM,2133.0,0
ATOM,2291.0,0
ATOM,158.0,0
ATOM,181.0,0
ATOM,182.0,0
ATOM,309.0,0
ATOM,316.0,0
ATOM,322.0,0
ATOM,323.0,0
ATOM,324.0,0
ATOM,325.0,0
ATOM,364.0,0
ATOM,1401.0,0
ATOM,1868.0,0
ATOM,2006.0,0
ATOM,2077.0,0
ATOM,2078.0,0
ATOM,2103.0,0
ATOM,2131.0,0
ATOM,2269.0,0
AUCTION,5.0,1
AUCTION,67.0,0
AUCTION,210.0,0
AUCTION,3.0,0
AUCTION,19.0,0
AUCTION,49.0,0
AUCTION,158.0,0
AUCTION,345.0,0
AUCTION,1868.0,0
AUDIO,79.0,1
AUDIO,169.0,0
AUDIO,5.0,1
AUDIO,71.0,0
AUDIO,19.0,1
AUDIO,114.0,0
AUDIO,1735.0,0
AUDIO,101.0,0
AUDIO,49.0,0
AUDIO,66.0,0
AUDIO,78.0,0
AUDIO,173.0,0
AUDIO,179.0,0
AUDIO,210.0,0
AUDIO,1825.0,0
AUDIO,1865.0,0
AUDIO,29.0,0
AUDIO,182.0,0
AUDIO,269.0,0
AUDIO,323.0,0
AUDIO,325.0,0
AUDIO,1868.0,0
AUDIO,2124.0,0
AVAX,79.0,1
AVAX,180.0,0
AVAX,101.0,1
AVAX,169.0,0
AVAX,206.0,0
AVAX,5.0,0
AVAX,78.0,0
AVAX,71.0,0
AVAX,19.0,1
AVAX,66.0,0
AVAX,1735.0,0
AVAX,177.0,0
AVAX,8.0,0
AVAX,81.0,0
AVAX,182.0,0
AVAX,183.0,0
AVAX,208.0,0
AVAX,364.0,0
AVAX,1865.0,0
AVAX,2269.0,0
AVAX,49.0,0
AVAX,191.0,0
AVAX,309.0,0
AVAX,320.0,0
AVAX,322.0,0
AVAX,1505.0,0
AVAX,1701.0,0
AVAX,1878.0,0
AVAX,2077.0,0
AVAX,2078.0,0
AVAX,2133.0,0
AVAX,2291.0,0
AXS,101.0,1
AXS,79.0,1
AXS,180.0,0
AXS,169.0,0
AXS,5.0,1
AXS,71.0,1
AXS,179.0,0
AXS,19.0,1
AXS,173.0,0
AXS,66.0,0
AXS,78.0,0
AXS,208.0,0
AXS,177.0,0
AXS,114.0,0
AXS,49.0,0
AXS,81.0,0
AXS,206.0,0
AXS,187.0,0
AXS,219.0,0
AXS,61.0,0
AXS,158.0,0
AXS,309.0,0
AXS,357.0,0
AXS,1865.0,0
AXS,1868.0,0
AXS,2078.0,0
AXS,2097.0,0
AXS,2103.0,0
AXS,2133.0,0
BAKE,169.0,0
BAKE,71.0,0
BAKE,66.0,0
BAKE,323.0,0
BAKE,78.0,0
BAKE,114.0,0
BAKE,182.0,1
BAKE,49.0,0
BAKE,275.0,0
BAKE,325.0,0
BAKE,5.0,0
BAKE,19.0,0
BAKE,75.0,0
BAKE,81.0,0
BAKE,180.0,0
BAKE,184.0,0
BAKE,191.0,0
BAKE,192.0,0
BAKE,201.0,0
BAKE,345.0,0
BAKE,388.0,0
BAKE,1478.0,0
BAKE,1718.0,1
BAKE,1735.0,0
BAKE,1868.0,0
BAKE,2133.0,0
BAL,79.0,1
BAL,169.0,0
BAL,71.0,1
BAL,5.0,0
BAL,101.0,0
BAL,206.0,0
BAL,78.0,0
BAL,309.0,0
BAL,208.0,0
BAL,8.0,0
BAL,19.0,0
BAL,66.0,0
BAL,323.0,0
BAL,324.0,0
BAL,325.0,0
BAL,2006.0,0
BAL,2077.0,0
BAL,2099.0,0
BAL,2131.0,0
BAND,79.0,1
BAND,169.0,1
BAND,5.0,1
BAND,180.0,0
BAND,19.0,1
BAND,71.0,0
BAND,78.0,0
BAND,49.0,0
BAND,66.0,0
BAND,210.0,0
BAND,101.0,0
BAND,114.0,0
BAND,173.0,0
BAND,182.0,0
BAND,206.0,0
BAND,209.0,0
BAND,75.0,0
BAND,181.0,0
BAND,184.0,0
BAND,309.0,0
BAND,323.0,0
BAND,324.0,0
BAND,325.0,0
BAND,364.0,0
BAND,1735.0,0
BAND,1878.0,0
BAND,2133.0,0
BAND,2269.0,0
BAT,79.0,1
BAT,101.0,0
BAT,5.0,0
BAT,71.0,0
BAT,19.0,1
BAT,66.0,0
BAT,169.0,0
BAT,309.0,0
BAT,18.0,1
BAT,17.0,0
BAT,114.0,0
BAT,180.0,0
BAT,182.0,0
BAT,1773.0,0
BAT,1878.0,0
BAT,2131.0,0
BAT,14.0,0
BAT,49.0,0
BAT,78.0,0
BAT,178.0,0
BAT,210.0,0
BAT,316.0,0
BAT,323.0,0
BAT,324.0,0
BAT,325.0,0
BAT,364.0,0
BAT,2006.0,0
BAT,2133.0,0
BCD,19.0,1
BCD,5.0,1
BCD,49.0,0
BCD,1865.0,0
BCD,2131.0,0
BCD,1735.0,0
BCD,1943.0,0
BCD,2088.0,0
BCD,2138.0,0
BCH,79.0,1
BCH,101.0,1
BCH,180.0,0
BCH,169.0,1
BCH,71.0,0
BCH,5.0,1
BCH,78.0,0
BCH,309.0,0
BCH,66.0,0
BCH,81.0,0
BCH,210.0,0
BCH,221.0,0
BCH,1701.0,0
BCH,1949.0,0
BCH,2006.0,0
BCH,14.0,0
BCH,19.0,0
BCH,52.0,0
BCH,158.0,0
BCH,181.0,0
BCH,190.0,0
BCH,206.0,0
BCH,322.0,0
BCH,323.0,0
BCH,324.0,0
BCH,364.0,0
BCH,1809.0,0
BCH,1868.0,0
BCH,2103.0,0
BCH,2291.0,0
BCPT,19.0,0
BCPT,5.0,0
BCPT,18.0,0
BCPT,2131.0,0
BCPT,17.0,1
BCPT,1773.0,0
BEL,79.0,1
BEL,169.0,0
BEL,71.0,1
BEL,5.0,0
BEL,66.0,1
BEL,19.0,0
BEL,78.0,0
BEL,2133.0,0
BEL,49.0,0
BEL,158.0,0
BEL,181.0,0
BEL,206.0,0
BEL,17.0,0
BEL,18.0,1
BEL,81.0,0
BEL,208.0,0
BEL,1751.0,0
BEL,1773.0,0
BEL,1864.0,0
BEL,1868.0,0
BEL,1949.0,0
BEL,1957.0,0
BEL,2000.0,0
BEL,2078.0,0
BEL,2090.0,0
BEL,2093.0,0
BEL,2097.0,0
BEL,2131.0,0
BICO,5.0,0
BICO,66.0,0
BICO,1735.0,1
BICO,1751.0,0
BICO,49.0,0
BICO,75.0,0
BICO,1825.0,0
BICO,1865.0,0
BLZ,5.0,1
BLZ,101.0,1
BLZ,19.0,1
BLZ,169.0,0
BLZ,49.0,0
BLZ,78.0,0
BLZ,2079.0,0
BLZ,2131.0,0
BLZ,71.0,0
BLZ,184.0,0
BLZ,8.0,0
BLZ,35.0,0
BLZ,66.0,0
BLZ,114.0,0
BLZ,182.0,0
BLZ,1868.0,0
BLZ,17.0,0
BLZ,18.0,0
BLZ,81.0,0
BLZ,192.0,0
BLZ,364.0,0
BLZ,1735.0,0
BNB,101.0,1
BNB,79.0,1
BNB,180.0,0
BNB,78.0,0
BNB,169.0,0
BNB,179.0,0
BNB,2006.0,0
BNB,71.0,1
BNB,187.0,0
BNB,66.0,0
BNB,206.0,0
BNB,5.0,0
BNB,8.0,0
BNB,158.0,0
BNB,177.0,0
BNB,2119.0,0
BNB,21.0,0
BNB,29.0,0
BNB,81.0,0
BNB,114.0,0
BNB,191.0,0
BNB,207.0,0
BNB,210.0,0
BNB,219.0,0
BNB,275.0,0
BNB,309.0,0
BNB,323.0,0
BNB,324.0,0
BNB,325.0,0
BNB,364.0,0
BNB,1701.0,0
BNB,2078.0,0
BNB,2131.0,0
BNB,2133.0,0
BNB,19.0,0
BNB,73.0,0
BNB,86.0,0
BNB,175.0,0
BNB,183.0,0
BNB,184.0,0
BNB,221.0,0
BNB,273.0,0
BNB,1735.0,0
BNB,1865.0,0
BNB,1878.0,0
BNB,2076.0,0
BNB,2097.0,0
BNB,2239.0,0
BNX,5.0,0
BNX,71.0,1
BNX,1751.0,0
BNX,66.0,0
BNX,78.0,0
BNX,206.0,0
BNX,208.0,0
BNX,19.0,0
BOND,5.0,1
BOND,1868.0,0
BOND,8.0,0
BOND,17.0,0
BOND,18.0,1
BOND,19.0,0
BOND,182.0,0
BOND,190.0,0
BOND,210.0,0
BOND,357.0,0
BOND,1773.0,0
BOND,1864.0,0
BOND,1957.0,0
BOND,2000.0,0
BOND,2133.0,0
BQX,19.0,1
BQX,5.0,0
BQX,49.0,0
BQX,2006.0,0
BQX,2079.0,0
BQX,2230.0,0
BRD,5.0,0
BRD,19.0,0
BRD,49.0,1
BRD,17.0,0
BRD,18.0,1
BRD,1773.0,0
BRD,1864.0,0
BRD,2079.0,0
BRD,2131.0,0
BTC,1949.0,1
BTC,101.0,1
BTC,79.0,1
BTC,2119.0,0
BTC,2006.0,1
BTC,180.0,0
BTC,169.0,0
BTC,81.0,1
BTC,179.0,0
BTC,206.0,0
BTC,177.0,0
BTC,2131.0,0
BTC,71.0,0
BTC,78.0,0
BTC,1878.0,0
BTC,208.0,0
BTC,187.0,0
BTC,21.0,0
BTC,269.0,0
BTC,158.0,0
BTC,210.0,0
BTC,8.0,0
BTC,75.0,0
BTC,114.0,0
BTC,364.0,0
BTC,1988.0,0
BTC,181.0,0
BTC,207.0,0
BTC,221.0,0
BTC,2045.0,0
BTC,2077.0,0
BTC,2097.0,0
BTC,2269.0,0
BTC,66.0,0
BTC,110.0,0
BTC,182.0,0
BTC,184.0,0
BTC,192.0,0
BTC,309.0,0
BTC,324.0,0
BTC,325.0,0
BTC,332.0,0
BTC,333.0,0
BTC,383.0,0
BTC,882.0,0
BTC,922.0,0
BTC,1701.0,0
BTC,1933.0,0
BTC,2099.0,0
BTC,2133.0,0
BTS,5.0,1
BTS,169.0,0
BTS,19.0,0
BTS,1868.0,0
BTS,49.0,0
BTS,180.0,0
BURGER,5.0,0
BURGER,19.0,1
BURGER,1251.0,0
BURGER,1475.0,0
BURGER,1544.0,0
BURGER,1545.0,0
BURGER,1735.0,0
BURGER,1751.0,0
BURGER,1825.0,0
BURGER,1865.0,0
C98,78.0,1
C98,169.0,1
C98,71.0,0
C98,173.0,0
C98,66.0,0
C98,177.0,0
C98,49.0,0
C98,101.0,0
C98,182.0,0
C98,219.0,0
C98,8.0,0
C98,81.0,0
C98,190.0,0
C98,206.0,0
C98,208.0,0
C98,221.0,0
C98,269.0,0
C98,273.0,0
C98,2045.0,0
C98,2099.0,0
CDT,19.0,1
CDT,5.0,0
CDT,2079.0,0
CDT,18.0,0
CDT,1956.0,0
CDT,17.0,0
CDT,1773.0,0
CDT,1950.0,0
CDT,2131.0,0
CELO,79.0,1
CELO,169.0,1
CELO,71.0,1
CELO,19.0,0
CELO,173.0,0
CELO,5.0,0
CELO,66.0,0
CELO,78.0,0
CELO,49.0,0
CELO,323.0,0
CELO,114.0,0
CELO,180.0,0
CELO,325.0,0
CELO,1868.0,0
CELO,2133.0,0
CELO,182.0,0
CELO,192.0,0
CELO,206.0,0
CELO,309.0,0
CELO,324.0,0
CELO,357.0,0
CELO,1735.0,0
CELO,1751.0,0
CELR,79.0,1
CELR,101.0,1
CELR,19.0,0
CELR,5.0,0
CELR,169.0,0
CELR,66.0,0
CELR,309.0,0
CELR,49.0,0
CELR,78.0,0
CELR,324.0,0
CELR,3.0,0
CELR,183.0,0
CELR,316.0,0
CELR,323.0,0
CELR,325.0,0
CELR,8.0,0
CELR,182.0,0
CELR,201.0,0
CELR,275.0,0
CELR,320.0,0
CELR,364.0,0
CELR,1825.0,0
CELR,2079.0,0
CELR,2103.0,0
CELR,2131.0,0
CELR,2133.0,0
CFX,101.0,1
CFX,78.0,0
CFX,1735.0,0
CFX,5.0,1
CFX,19.0,1
CFX,67.0,0
CFX,182.0,0
CFX,2133.0,0
CFX,178.0,0
CFX,179.0,0
CFX,184.0,0
CFX,316.0,0
CFX,322.0,0
CFX,1701.0,0
CFX,1825.0,0
CFX,8.0,0
CFX,17.0,0
CFX,18.0,0
CFX,49.0,0
CFX,66.0,0
CFX,158.0,0
CFX,181.0,0
CFX,190.0,0
CFX,192.0,0
CFX,1751.0,0
CFX,1773.0,0
CFX,1864.0,0
CFX,1868.0,0
CFX,1957.0,0
CFX,2000.0,0
CHR,79.0,1
CHR,169.0,0
CHR,5.0,1
CHR,78.0,0
CHR,19.0,1
CHR,71.0,0
CHR,173.0,0
CHR,183.0,0
CHR,49.0,0
CHR,180.0,0
CHR,181.0,0
CHR,66.0,0
CHR,2133.0,0
CHR,8.0,0
CHR,158.0,0
CHR,182.0,0
CHR,190.0,0
CHR,316.0,0
CHR,319.0,0
CHR,320.0,0
CHR,330.0,0
CHR,1251.0,0
CHR,1475.0,0
CHR,1544.0,0
CHR,1545.0,1
CHR,1735.0,0
CHR,1751.0,0
CHR,1825.0,0
CHR,1865.0,0
CHR,1868.0,0
CHR,1878.0,0
CHR,2119.0,0
CHZ,101.0,1
CHZ,79.0,1
CHZ,5.0,1
CHZ,19.0,0
CHZ,169.0,0
CHZ,71.0,0
CHZ,78.0,1
CHZ,173.0,0
CHZ,179.0,0
CHZ,114.0,0
CHZ,182.0,0
CHZ,66.0,0
CHZ,177.0,0
CHZ,183.0,0
CHZ,192.0,0
CHZ,206.0,0
CHZ,210.0,0
CHZ,309.0,0
CHZ,2078.0,0
CHZ,49.0,0
CHZ,184.0,0
CHZ,273.0,0
CHZ,275.0,0
CHZ,364.0,0
CHZ,1868.0,0
CHZ,2103.0,0
CHZ,2119.0,0
CHZ,2131.0,0
CHZ,2133.0,0
CHZ,2269.0,0
CLV,49.0,1
CLV,4.0,0
CLV,5.0,0
CLV,119.0,0
CLV,1868.0,0
CMT,19.0,1
CMT,5.0,0
CMT,2079.0,0
CMT,49.0,0
CMT,2088.0,0
CMT,2131.0,0
COMP,101.0,1
COMP,79.0,1
COMP,5.0,0
COMP,71.0,1
COMP,169.0,0
COMP,180.0,0
COMP,173.0,0
COMP,177.0,0
COMP,66.0,0
COMP,178.0,0
COMP,78.0,0
COMP,201.0,0
COMP,206.0,0
COMP,323.0,0
COMP,2133.0,0
COMP,64.0,0
COMP,114.0,0
COMP,132.0,0
COMP,192.0,0
COMP,208.0,0
COMP,210.0,0
COMP,316.0,0
COMP,320.0,0
COMP,325.0,0
COMP,1868.0,0
COMP,2131.0,0
COS,19.0,0
COS,1825.0,0
COS,2131.0,0
COS,5.0,0
COS,1735.0,0
COS,1751.0,1
COS,1865.0,0
COS,1878.0,0
COS,2079.0,0
COTI,79.0,1
COTI,5.0,0
COTI,19.0,1
COTI,78.0,0
COTI,169.0,0
COTI,49.0,0
COTI,71.0,0
COTI,66.0,0
COTI,177.0,0
COTI,210.0,0
COTI,2006.0,0
COTI,132.0,0
COTI,182.0,0
COTI,187.0,0
COTI,2119.0,0
COTI,2131.0,0
COTI,2133.0,0
COTI,8.0,0
COTI,17.0,0
COTI,18.0,1
COTI,184.0,0
COTI,190.0,0
COTI,309.0,0
COTI,1773.0,0
COTI,1864.0,0
COTI,1868.0,0
COTI,1957.0,0
COTI,2000.0,0
COTI,2103.0,0
COTI,2269.0,0
CRV,79.0,1
CRV,169.0,0
CRV,71.0,1
CRV,5.0,0
CRV,78.0,0
CRV,180.0,0
CRV,66.0,0
CRV,309.0,0
CRV,19.0,1
CRV,49.0,0
CRV,1868.0,0
CRV,190.0,0
CRV,210.0,0
CRV,324.0,0
CRV,1825.0,0
CRV,2006.0,0
CRV,2131.0,0
CRV,8.0,0
CRV,61.0,0
CRV,75.0,0
CRV,177.0,0
CRV,178.0,0
CRV,192.0,0
CRV,323.0,0
CRV,325.0,0
CRV,1701.0,0
CRV,1735.0,0
CRV,1865.0,0
CRV,2078.0,0
CRV,2099.0,0
CRV,2133.0,0
CTK,79.0,1
CTK,169.0,0
CTK,71.0,1
CTK,5.0,0
CTK,66.0,0
CTK,180.0,0
CTK,49.0,0
CTK,187.0,0
CTK,207.0,0
CTK,8.0,0
CTK,19.0,0
CTK,61.0,0
CTK,132.0,0
CTK,309.0,0
CTK,388.0,0
CTK,1735.0,0
CTK,2103.0,0
CTSI,101.0,0
CTSI,5.0,1
CTSI,19.0,1
CTSI,71.0,0
CTSI,49.0,0
CTSI,1735.0,0
CTSI,66.0,0
CTSI,206.0,0
CTSI,18.0,0
CTSI,67.0,0
CTSI,1868.0,0
CTSI,17.0,0
CTSI,37.0,0
CTSI,78.0,0
CTSI,158.0,0
CTSI,201.0,0
CTSI,364.0,0
CTSI,1730.0,0
CTSI,1865.0,0
CTSI,1878.0,0
CTSI,1981.0,0
CTXC,5.0,0
CTXC,49.0,1
CTXC,19.0,1
CTXC,1751.0,0
CTXC,1865.0,0
CTXC,1701.0,0
CTXC,1735.0,0
CTXC,1868.0,0
CTXC,1968.0,0
CVP,67.0,0
CVP,5.0,0
CVP,19.0,1
CVP,1251.0,0
CVP,1475.0,0
CVP,1544.0,0
CVP,1545.0,0
CVP,1735.0,0
CVP,1751.0,0
CVP,1825.0,0
CVP,1865.0,0
DASH,79.0,1
DASH,101.0,1
DASH,71.0,0
DASH,5.0,0
DASH,173.0,0
DASH,177.0,0
DASH,309.0,0
DASH,169.0,0
DASH,180.0,0
DASH,66.0,0
DASH,114.0,0
DASH,206.0,0
DASH,181.0,0
DASH,187.0,0
DASH,324.0,0
DASH,330.0,0
DASH,2103.0,0
DASH,21.0,0
DASH,61.0,0
DASH,78.0,0
DASH,132.0,0
DASH,208.0,0
DASH,323.0,0
DASH,325.0,0
DASH,2097.0,0
DASH,2133.0,0
DATA,5.0,1
DATA,19.0,1
DATA,49.0,0
DATA,18.0,0
DATA,1701.0,0
DATA,1735.0,0
DATA,17.0,0
DATA,158.0,0
DATA,1751.0,0
DATA,1865.0,0
DATA,1868.0,0
DATA,2079.0,0
DATA,2097.0,0
DCR,5.0,1
DCR,67.0,0
DCR,3.0,0
DCR,2088.0,0
DGB,180.0,0
DGB,169.0,1
DGB,5.0,0
DGB,49.0,0
DGB,67.0,0
DGB,1735.0,0
DGB,19.0,0
DGB,78.0,0
DGB,1730.0,0
DGB,2119.0,0
DGB,2133.0,0
DIA,5.0,1
DIA,19.0,1
DIA,1735.0,0
DIA,1251.0,0
DIA,1475.0,0
DIA,1544.0,0
DIA,1545.0,0
DIA,1751.0,0
DIA,1825.0,0
DIA,1865.0,0
DIA,2119.0,0
DNT,19.0,1
DNT,5.0,0
DNT,1735.0,0
DNT,2079.0,0
DNT,49.0,0
DNT,1865.0,0
DNT,1868.0,0
DNT,2131.0,0
DOCK,5.0,0
DOCK,19.0,1
DOCK,1735.0,0
DOCK,1825.0,0
DOCK,49.0,0
DOCK,1751.0,0
DOCK,2079.0,0
DOCK,17.0,0
DOCK,18.0,1
DOCK,1251.0,0
DOCK,1475.0,0
DOCK,1544.0,0
DOCK,1545.0,0
DOCK,1773.0,0
DOCK,1865.0,0
DOCK,1878.0,0
DOCK,2000.0,0
DOCK,2131.0,0
DODO,79.0,1
DODO,5.0,0
DODO,19.0,1
DODO,49.0,0
DODO,169.0,0
DODO,78.0,0
DODO,309.0,0
DODO,61.0,0
DODO,114.0,0
DODO,66.0,0
DODO,81.0,0
DODO,132.0,0
DODO,177.0,0
DODO,316.0,0
DODO,320.0,0
DODO,1401.0,0
DODO,1735.0,0
DODO,1868.0,0
DODO,2097.0,0
DODO,2099.0,0
DODO,2103.0,0
DODO,2131.0,0
DOGE,79.0,1
DOGE,5.0,1
DOGE,19.0,0
DOGE,78.0,0
DOGE,169.0,0
DOGE,66.0,0
DOGE,173.0,0
DOGE,206.0,0
DOGE,71.0,0
DOGE,101.0,0
DOGE,323.0,0
DOGE,325.0,0
DOGE,1865.0,0
DOGE,2131.0,0
DOGE,180.0,0
DOGE,207.0,0
DOGE,219.0,0
DOGE,309.0,0
DOGE,1868.0,0
DOGE,2103.0,0
DOGE,4.0,0
DOGE,21.0,0
DOGE,49.0,0
DOGE,61.0,0
DOGE,114.0,0
DOGE,132.0,0
DOGE,158.0,0
DOGE,177.0,0
DOGE,183.0,0
DOGE,191.0,0
DOGE,281.0,0
DOGE,957.0,0
DOGE,1401.0,0
DOGE,1478.0,0
DOGE,1701.0,0
DOGE,1718.0,0
DOGE,2006.0,0
DOGE,2078.0,0
DOGE,2133.0,0
DOT,79.0,1
DOT,180.0,0
DOT,169.0,1
DOT,66.0,0
DOT,177.0,0
DOT,5.0,0
DOT,71.0,0
DOT,210.0,0
DOT,101.0,0
DOT,179.0,0
DOT,19.0,1
DOT,78.0,0
DOT,206.0,0
DOT,49.0,0
DOT,114.0,0
DOT,309.0,0
DOT,316.0,0
DOT,323.0,0
DOT,21.0,0
DOT,61.0,0
DOT,81.0,0
DOT,158.0,0
DOT,190.0,0
DOT,325.0,0
DOT,8.0,0
DOT,181.0,0
DOT,182.0,0
DOT,191.0,0
DOT,192.0,0
DOT,221.0,0
DOT,320.0,0
DOT,322.0,0
DOT,324.0,0
DOT,364.0,0
DOT,1735.0,0
DOT,1865.0,0
DOT,1868.0,0
DOT,2006.0,0
DOT,2078.0,0
DOT,2131.0,0
DUSK,5.0,1
DUSK,19.0,1
DUSK,71.0,0
DUSK,49.0,0
DUSK,180.0,0
DUSK,66.0,0
DUSK,78.0,0
DUSK,1735.0,0
DUSK,177.0,0
DUSK,182.0,0
DUSK,210.0,0
DUSK,1251.0,0
DUSK,1475.0,0
DUSK,1544.0,0
DUSK,1545.0,0
DUSK,1751.0,0
DUSK,1825.0,0
DUSK,1865.0,0
DUSK,1868.0,0
DUSK,2133.0,0
DUSK,3.0,0
DUSK,29.0,0
DUSK,2078.0,0
DUSK,2119.0,0
DUSK,2131.0,0
DYDX,101.0,1
DYDX,79.0,1
DYDX,169.0,0
DYDX,78.0,0
DYDX,114.0,0
DYDX,179.0,0
DYDX,71.0,0
DYDX,182.0,0
DYDX,66.0,0
DYDX,187.0,0
DYDX,5.0,0
DYDX,210.0,1
DYDX,309.0,0
DYDX,2133.0,0
DYDX,158.0,0
DYDX,177.0,0
DYDX,324.0,0
DYDX,922.0,0
DYDX,8.0,0
DYDX,61.0,0
DYDX,183.0,0
DYDX,206.0,0
DYDX,207.0,0
DYDX,322.0,0
DYDX,323.0,0
DYDX,325.0,0
DYDX,882.0,0
DYDX,1401.0,0
DYDX,1751.0,0
DYDX,1868.0,0
DYDX,49.0,0
DYDX,86.0,0
DYDX,132.0,0
DYDX,190.0,0
DYDX,330.0,0
DYDX,364.0,0
DYDX,1505.0,0
DYDX,2078.0,0
DYDX,2103.0,0
EGLD,101.0,1
EGLD,79.0,1
EGLD,180.0,0
EGLD,169.0,1
EGLD,5.0,0
EGLD,71.0,1
EGLD,66.0,0
EGLD,173.0,0
EGLD,210.0,0
EGLD,2006.0,0
EGLD,8.0,0
EGLD,114.0,0
EGLD,177.0,0
EGLD,206.0,0
EGLD,323.0,0
EGLD,324.0,0
EGLD,1949.0,0
EGLD,17.0,0
EGLD,18.0,0
EGLD,78.0,0
EGLD,158.0,0
EGLD,187.0,0
EGLD,190.0,0
EGLD,191.0,0
EGLD,309.0,0
EGLD,322.0,0
EGLD,325.0,0
EGLD,383.0,0
EGLD,395.0,0
EGLD,1773.0,0
EGLD,2103.0,0
EGLD,2133.0,0
EGLD,2269.0,0
ELF,5.0,0
ELF,19.0,1
ELF,49.0,0
ELF,2079.0,0
ELF,1735.0,0
ELF,1751.0,1
ELF,1825.0,0
ELF,1865.0,0
ELF,18.0,0
ELF,1251.0,0
ELF,1475.0,0
ELF,1544.0,0
ELF,1545.0,0
ELF,1701.0,0
ELF,1738.0,0
ELF,1773.0,0
ELF,2088.0,0
ELF,2099.0,0
ENG,19.0,0
ENG,5.0,1
ENG,18.0,0
ENG,1773.0,0
ENG,17.0,0
ENG,49.0,0
ENG,2079.0,0
ENG,2131.0,0
ENG,2281.0,0
ENG,2284.0,0
ENJ,79.0,1
ENJ,5.0,1
ENJ,19.0,1
ENJ,101.0,0
ENJ,78.0,0
ENJ,169.0,0
ENJ,71.0,0
ENJ,66.0,0
ENJ,1878.0,0
ENJ,49.0,0
ENJ,2131.0,0
ENJ,2133.0,0
ENJ,181.0,0
ENJ,364.0,0
ENJ,1868.0,0
ENJ,8.0,0
ENJ,17.0,0
ENJ,18.0,0
ENJ,158.0,0
ENJ,190.0,0
ENJ,2061.0,0
ENJ,2079.0,0
ENJ,2088.0,0
ENJ,2094.0,0
ENJ,2103.0,0
EOS,79.0,0
EOS,2119.0,1
EOS,81.0,0
EOS,101.0,1
EOS,5.0,0
EOS,2291.0,0
EOS,78.0,0
EOS,71.0,0
EOS,66.0,0
EOS,169.0,0
EOS,114.0,0
EOS,173.0,0
EOS,2103.0,0
EOS,8.0,0
EOS,75.0,0
EOS,158.0,0
EOS,182.0,0
EOS,183.0,0
EOS,205.0,0
EOS,206.0,0
EOS,219.0,0
EOS,221.0,0
EOS,1701.0,0
EOS,1738.0,0
EOS,2006.0,0
EOS,2076.0,0
EOS,2077.0,0
EOS,2088.0,0
EOS,2099.0,0
ERN,5.0,0
ERN,1868.0,0
ERN,19.0,1
ERN,1251.0,0
ERN,1475.0,0
ERN,1544.0,0
ERN,1545.0,0
ERN,1735.0,0
ERN,1751.0,0
ERN,1825.0,0
ERN,1865.0,0
ETC,79.0,1
ETC,101.0,0
ETC,180.0,0
ETC,169.0,1
ETC,5.0,1
ETC,173.0,0
ETC,71.0,0
ETC,78.0,0
ETC,210.0,0
ETC,114.0,0
ETC,8.0,0
ETC,19.0,0
ETC,21.0,0
ETC,29.0,0
ETC,61.0,0
ETC,81.0,0
ETC,132.0,0
ETC,158.0,0
ETC,190.0,0
ETC,201.0,0
ETC,309.0,0
ETC,316.0,0
ETC,320.0,0
ETC,323.0,0
ETC,324.0,0
ETC,325.0,0
ETC,330.0,0
ETC,1868.0,0
ETC,2103.0,0
ETC,2133.0,0
ETH,101.0,1
ETH,1949.0,0
ETH,79.0,1
ETH,2119.0,1
ETH,180.0,0
ETH,206.0,1
ETH,169.0,0
ETH,81.0,1
ETH,2291.0,0
ETH,208.0,0
ETH,2006.0,0
ETH,78.0,0
ETH,177.0,0
ETH,179.0,0
ETH,18.0,0
ETH,71.0,0
ETH,1878.0,0
ETH,2076.0,0
ETH,66.0,0
ETH,114.0,0
ETH,187.0,0
ETH,316.0,0
ETH,2078.0,0
ETH,309.0,0
ETH,320.0,0
ETH,330.0,0
ETH,1608.0,0
ETH,2045.0,0
ETH,8.0,0
ETH,19.0,0
ETH,21.0,0
ETH,61.0,0
ETH,64.0,0
ETH,132.0,0
ETH,158.0,0
ETH,182.0,0
ETH,269.0,0
ETH,324.0,0
ETH,325.0,0
ETH,364.0,0
ETH,882.0,0
ETH,922.0,0
ETH,1735.0,0
ETH,1933.0,0
ETH,2097.0,0
ETH,2103.0,0
ETH,2131.0,0
EVX,19.0,1
EVX,5.0,0
EVX,49.0,0
EVX,18.0,0
EVX,17.0,0
EVX,2131.0,0
FARM,19.0,1
FARM,1735.0,0
FARM,1825.0,0
FARM,1251.0,0
FARM,1475.0,0
FARM,1544.0,0
FARM,1545.0,0
FARM,1751.0,0
FARM,1865.0,0
FARM,5.0,0
FET,5.0,1
FET,19.0,1
FET,49.0,0
FET,101.0,0
FET,18.0,0
FET,182.0,0
FET,1868.0,0
FET,17.0,0
FET,1751.0,0
FET,1773.0,1
FET,1825.0,0
FET,8.0,0
FET,71.0,0
FET,75.0,0
FET,78.0,0
FET,119.0,0
FET,184.0,0
FET,345.0,0
FET,364.0,0
FET,1701.0,0
FET,1735.0,0
FET,1738.0,0
FET,1865.0,0
FET,1878.0,0
FET,2000.0,0
FET,2006.0,0
FET,2079.0,0
FET,2088.0,0
FET,2131.0,0
FIL,79.0,1
FIL,169.0,1
FIL,180.0,0
FIL,5.0,0
FIL,71.0,0
FIL,66.0,0
FIL,78.0,0
FIL,101.0,0
FIL,206.0,0
FIL,182.0,0
FIL,210.0,0
FIL,309.0,0
FIL,2133.0,0
FIL,8.0,0
FIL,21.0,0
FIL,158.0,0
FIL,320.0,0
FIL,2006.0,0
FIL,2269.0,0
FIO,5.0,1
FIO,19.0,1
FIO,49.0,0
FIO,1735.0,0
FIO,67.0,0
FIO,2119.0,0
FIO,1865.0,0
FIO,1868.0,0
FIS,5.0,1
FIS,19.0,0
FIS,49.0,0
FIS,345.0,0
FIS,1735.0,0
FIS,1751.0,0
FLM,101.0,1
FLM,179.0,0
FLM,5.0,0
FLM,49.0,0
FLM,207.0,0
FLM,66.0,0
FLM,71.0,0
FLM,19.0,0
FLM,169.0,0
FLM,177.0,0
FLM,2006.0,0
FLM,4.0,0
FLM,78.0,0
FLM,158.0,0
FLM,221.0,0
FLM,275.0,0
FLM,364.0,0
FLM,2133.0,0
FLOW,101.0,0
FLOW,71.0,0
FLOW,66.0,0
FLOW,5.0,0
FLOW,78.0,0
FLOW,19.0,1
FLOW,49.0,0
FLOW,178.0,0
FLOW,182.0,0
FLOW,183.0,0
FLOW,191.0,0
FLOW,1251.0,0
FLOW,1475.0,0
FLOW,1544.0,0
FLOW,1545.0,0
FLOW,1701.0,0
FLOW,1735.0,0
FLOW,1738.0,0
FLOW,1751.0,0
FLOW,1825.0,0
FLOW,1865.0,0
FLOW,2078.0,0
FLUX,5.0,0
FLUX,19.0,1
FLUX,49.0,0
FLUX,1475.0,0
FLUX,1544.0,0
FLUX,1545.0,0
FLUX,1735.0,0
FLUX,1868.0,0
FRONT,5.0,0
FRONT,1825.0,0
FRONT,17.0,0
FRONT,18.0,1
FRONT,19.0,0
FRONT,49.0,0
FRONT,1701.0,0
FRONT,1773.0,0
FRONT,1864.0,0
FRONT,1957.0,0
FRONT,2000.0,0
FRONT,2133.0,0
FTM,79.0,1
FTM,169.0,0
FTM,5.0,0
FTM,19.0,1
FTM,78.0,0
FTM,66.0,1
FTM,71.0,0
FTM,49.0,0
FTM,179.0,0
FTM,210.0,0
FTM,17.0,0
FTM,18.0,0
FTM,177.0,0
FTM,101.0,0
FTM,158.0,0
FTM,178.0,0
FTM,182.0,0
FTM,190.0,0
FTM,309.0,0
FTM,1773.0,1
FTM,1878.0,0
FTM,2133.0,0
FTM,119.0,0
FTM,183.0,0
FTM,206.0,0
FTM,323.0,0
FTM,324.0,0
FTM,364.0,0
FTM,882.0,0
FTM,922.0,0
FTM,1865.0,0
FTM,1868.0,0
FTM,1957.0,0
FTM,2061.0,0
FTM,2131.0,0
FUN,19.0,1
FUN,1735.0,0
FUN,1751.0,0
FUN,1825.0,0
FUN,1865.0,0
FUN,1251.0,0
FUN,1475.0,0
FUN,1544.0,0
FUN,1545.0,0
GAL,79.0,1
GAL,169.0,0
GAL,182.0,1
GAL,114.0,0
GAL,5.0,0
GAL,101.0,0
GAL,71.0,0
GAL,206.0,0
GAL,78.0,0
GAL,309.0,0
GAL,66.0,0
GAL,177.0,0
GAL,190.0,0
GAL,210.0,0
GAL,221.0,0
GAL,322.0,0
GAL,323.0,0
GAL,324.0,0
GAL,325.0,0
GAL,364.0,0
GAL,2131.0,0
GAL,2133.0,0
GALA,101.0,1
GALA,79.0,1
GALA,169.0,0
GALA,179.0,0
GALA,78.0,0
GALA,5.0,0
GALA,66.0,0
GALA,187.0,0
GALA,183.0,0
GALA,2133.0,0
GALA,49.0,0
GALA,71.0,0
GALA,114.0,0
GALA,119.0,0
GALA,177.0,0
GALA,178.0,0
GALA,221.0,0
GALA,273.0,0
GALA,316.0,0
GALA,1701.0,0
GALA,2131.0,0
GALA,2269.0,0
GLM,5.0,1
GLM,19.0,1
GLM,1868.0,0
GLM,1735.0,0
GLM,1865.0,0
GNO,19.0,1
GNO,357.0,0
GNO,1735.0,0
GNO,1751.0,0
GNO,1825.0,0
GNO,1865.0,0
GRS,5.0,0
GRS,19.0,1
GRS,2079.0,0
GRS,49.0,0
GRS,17.0,0
GRS,18.0,0
GRS,1735.0,0
GRS,1878.0,0
GRT,79.0,1
GRT,169.0,0
GRT,101.0,1
GRT,78.0,0
GRT,5.0,1
GRT,173.0,0
GRT,19.0,1
GRT,71.0,0
GRT,66.0,0
GRT,158.0,0
GRT,182.0,0
GRT,49.0,0
GRT,187.0,0
GRT,1735.0,0
GRT,1825.0,0
GRT,1865.0,0
GRT,21.0,0
GRT,114.0,0
GRT,132.0,0
GRT,178.0,0
GRT,184.0,0
GRT,191.0,0
GRT,206.0,0
GRT,219.0,0
GRT,388.0,0
GRT,1701.0,0
GRT,1751.0,0
GRT,2078.0,0
GRT,2103.0,0
GRT,2119.0,0
GTC,79.0,1
GTC,169.0,1
GTC,101.0,0
GTC,2133.0,0
GTC,66.0,0
GTC,5.0,0
GTC,71.0,0
GTC,78.0,0
GTC,182.0,0
GTC,208.0,0
GTC,49.0,0
GTC,158.0,0
GTC,210.0,0
GTC,309.0,0
GTC,323.0,0
GTC,324.0,0
GTC,325.0,0
GTC,364.0,0
GTC,2103.0,0
GTC,2131.0,0
GTO,19.0,1
GTO,5.0,0
GTO,1825.0,0
GTO,2079.0,0
GTO,2088.0,0
GTO,1735.0,0
GTO,1865.0,0
GTO,2131.0,0
GXS,5.0,0
GXS,19.0,1
GXS,1735.0,0
GXS,49.0,0
GXS,67.0,0
GXS,1868.0,0
GXS,2079.0,0
HBAR,101.0,1
HBAR,79.0,0
HBAR,169.0,1
HBAR,180.0,0
HBAR,5.0,1
HBAR,78.0,0
HBAR,179.0,0
HBAR,19.0,1
HBAR,114.0,0
HBAR,187.0,0
HBAR,49.0,0
HBAR,66.0,0
HBAR,71.0,0
HBAR,182.0,0
HBAR,1825.0,0
HBAR,2131.0,0
HBAR,119.0,0
HBAR,184.0,0
HBAR,190.0,0
HBAR,191.0,0
HBAR,192.0,0
HBAR,206.0,0
HBAR,210.0,0
HBAR,221.0,0
HBAR,316.0,0
HBAR,320.0,0
HBAR,322.0,0
HBAR,345.0,0
HBAR,1735.0,0
HBAR,1865.0,0
HBAR,1868.0,0
HBAR,2079.0,0
HBAR,2133.0,0
HIGH,5.0,0
HIGH,49.0,0
HIGH,1868.0,0
HIGH,182.0,0
HIGH,210.0,0
HIGH,1751.0,0
HIGH,2133.0,0
HIGH,19.0,1
HIGH,71.0,0
HIGH,78.0,0
HIGH,114.0,0
HIGH,158.0,0
HIGH,190.0,0
HIGH,208.0,0
HIGH,882.0,0
HIGH,922.0,0
HIGH,1735.0,0
HIGH,1825.0,0
HIGH,1865.0,0
HIVE,5.0,0
HIVE,19.0,1
HIVE,49.0,0
HIVE,1735.0,0
HIVE,1865.0,0
HIVE,1825.0,0
HIVE,1868.0,0
HOT,79.0,1
HOT,180.0,0
HOT,169.0,0
HOT,309.0,0
HOT,114.0,0
HOT,179.0,0
HOT,322.0,0
HOT,324.0,0
HOT,78.0,0
HOT,132.0,0
HOT,201.0,0
HOT,323.0,0
HOT,325.0,0
HOT,2078.0,0
HOT,2103.0,0
ICP,79.0,1
ICP,66.0,0
ICP,71.0,0
ICP,169.0,0
ICP,309.0,0
ICP,78.0,0
ICP,101.0,0
ICP,323.0,0
ICP,324.0,0
ICP,325.0,0
ICP,2269.0,0
ICP,81.0,0
ICP,114.0,0
ICP,2133.0,0
ICP,5.0,0
ICP,61.0,0
ICP,132.0,0
ICP,158.0,0
ICP,182.0,0
ICP,183.0,0
ICP,210.0,0
ICP,316.0,0
ICP,320.0,0
ICP,364.0,0
ICP,2097.0,0
ICP,2103.0,0
ICP,2239.0,0
ICX,101.0,1
ICX,5.0,0
ICX,169.0,0
ICX,180.0,0
ICX,71.0,0
ICX,19.0,0
ICX,8.0,0
ICX,66.0,0
ICX,78.0,0
ICX,201.0,0
ICX,18.0,0
ICX,49.0,0
ICX,192.0,0
ICX,357.0,0
ICX,1825.0,0
ICX,2133.0,0
IDEX,5.0,0
IDEX,19.0,1
IDEX,49.0,0
IDEX,1735.0,0
IDEX,1825.0,0
IDEX,1865.0,0
IDEX,2133.0,0
IDEX,82.0,0
IDEX,1751.0,0
IDEX,1868.0,0
IMX,101.0,1
IMX,169.0,0
IMX,71.0,0
IMX,179.0,0
IMX,187.0,0
IMX,1825.0,0
IMX,5.0,0
IMX,66.0,0
IMX,185.0,0
IMX,275.0,0
IMX,8.0,0
IMX,49.0,0
IMX,78.0,0
IMX,81.0,0
IMX,183.0,0
IMX,269.0,0
INJ,5.0,0
INJ,79.0,1
INJ,19.0,1
INJ,71.0,0
INJ,182.0,0
INJ,101.0,0
INJ,49.0,0
INJ,8.0,0
INJ,21.0,0
INJ,210.0,0
INJ,309.0,0
INJ,2133.0,0
INJ,3.0,0
INJ,17.0,0
INJ,18.0,1
INJ,61.0,0
INJ,66.0,0
INJ,158.0,0
INJ,178.0,0
INJ,190.0,0
INJ,206.0,0
INJ,330.0,0
INJ,882.0,0
INJ,922.0,0
INJ,1478.0,0
INJ,1718.0,0
INJ,1735.0,0
INJ,1773.0,0
INJ,1864.0,0
INJ,1868.0,0
INJ,1957.0,0
INJ,2000.0,0
INS,5.0,0
INS,19.0,1
INS,18.0,0
INS,49.0,0
INS,2079.0,0
IOST,79.0,0
IOST,169.0,0
IOST,19.0,1
IOST,78.0,0
IOST,5.0,0
IOST,66.0,0
IOST,210.0,0
IOST,8.0,0
IOST,49.0,0
IOST,309.0,0
IOST,1735.0,0
IOST,1865.0,0
IOST,1868.0,0
IOST,2088.0,0
IOTA,101.0,1
IOTA,71.0,0
IOTA,5.0,0
IOTA,114.0,0
IOTA,19.0,0
IOTA,169.0,0
IOTA,78.0,0
IOTA,179.0,0
IOTA,180.0,0
IOTA,177.0,0
IOTA,187.0,0
IOTA,2131.0,0
IOTA,2133.0,0
IOTA,190.0,0
IOTA,210.0,0
IOTA,322.0,0
IOTA,2079.0,0
IOTX,79.0,1
IOTX,101.0,0
IOTX,169.0,0
IOTX,5.0,0
IOTX,309.0,0
IOTX,19.0,0
IOTX,114.0,0
IOTX,179.0,0
IOTX,201.0,0
IOTX,2133.0,0
IOTX,71.0,0
IOTX,78.0,0
IOTX,210.0,0
IOTX,322.0,0
IOTX,1701.0,0
IOTX,2088.0,0
IOTX,2103.0,0
IRIS,5.0,1
IRIS,19.0,1
IRIS,49.0,0
IRIS,1735.0,0
IRIS,1751.0,0
IRIS,1868.0,0
IRIS,2006.0,0
JUV,5.0,0
JUV,357.0,0
JUV,1735.0,0
JUV,1751.0,1
JUV,1825.0,0
JUV,1865.0,0
KAVA,79.0,1
KAVA,180.0,0
KAVA,19.0,1
KAVA,169.0,0
KAVA,71.0,0
KAVA,5.0,0
KAVA,78.0,0
KAVA,49.0,0
KAVA,66.0,0
KAVA,114.0,0
KAVA,2133.0,1
KAVA,182.0,0
KAVA,183.0,0
KAVA,187.0,0
KAVA,206.0,0
KAVA,210.0,0
KAVA,1735.0,0
KAVA,2000.0,0
KAVA,17.0,0
KAVA,61.0,0
KAVA,119.0,0
KAVA,132.0,0
KAVA,181.0,0
KAVA,190.0,1
KAVA,319.0,0
KAVA,322.0,0
KAVA,323.0,0
KAVA,324.0,0
KAVA,325.0,0
KAVA,1505.0,0
KAVA,1773.0,0
KAVA,1864.0,0
KAVA,1868.0,0
KAVA,1957.0,0
KAVA,2079.0,0
KAVA,2103.0,0
KAVA,2269.0,0
KDA,19.0,1
KDA,1251.0,0
KDA,1475.0,0
KDA,1544.0,0
KDA,1545.0,0
KDA,1735.0,0
KDA,1751.0,0
KDA,1825.0,1
KDA,1865.0,0
KLAY,101.0,1
KLAY,180.0,1
KLAY,169.0,0
KLAY,71.0,0
KLAY,66.0,0
KLAY,78.0,0
KLAY,114.0,0
KLAY,179.0,0
KLAY,5.0,0
KLAY,177.0,0
KLAY,187.0,0
KLAY,206.0,0
KLAY,8.0,0
KLAY,184.0,0
KLAY,309.0,0
KLAY,2133.0,0
KMD,5.0,1
KMD,19.0,1
KMD,1735.0,0
KMD,1825.0,0
KMD,49.0,0
KMD,1865.0,0
KMD,1868.0,0
KMD,2088.0,0
KNC,180.0,0
KNC,169.0,1
KNC,5.0,0
KNC,71.0,0
KNC,19.0,0
KNC,66.0,0
KNC,210.0,0
KNC,49.0,0
KNC,78.0,1
KNC,114.0,0
KNC,177.0,0
KNC,192.0,0
KNC,1868.0,0
KNC,158.0,0
KNC,178.0,0
KNC,181.0,0
KNC,182.0,0
KNC,183.0,0
KNC,206.0,0
KNC,1701.0,0
KNC,2077.0,0
KNC,2078.0,0
KNC,2079.0,0
KNC,2099.0,0
KNC,2133.0,0
KNC,2269.0,0
KP3R,5.0,0
KP3R,19.0,1
KP3R,1251.0,0
KP3R,1475.0,0
KP3R,1544.0,0
KP3R,1545.0,0
KP3R,1735.0,0
KP3R,1751.0,0
KP3R,1825.0,0
KP3R,1865.0,0
KSM,101.0,1
KSM,79.0,1
KSM,5.0,0
KSM,169.0,0
KSM,71.0,0
KSM,66.0,0
KSM,187.0,0
KSM,182.0,0
KSM,177.0,0
KSM,179.0,0
KSM,309.0,0
KSM,206.0,0
KSM,208.0,0
KSM,114.0,0
KSM,190.0,0
KSM,192.0,0
KSM,221.0,0
KSM,357.0,0
KSM,1478.0,0
KSM,1718.0,0
KSM,2078.0,0
KSM,2131.0,0
LAZIO,5.0,1
LAZIO,19.0,1
LAZIO,1251.0,0
LAZIO,1475.0,0
LAZIO,1544.0,0
LAZIO,1545.0,0
LAZIO,1735.0,0
LAZIO,1751.0,0
LAZIO,1825.0,0
LAZIO,1865.0,0
LDO,71.0,0
LDO,182.0,0
LDO,192.0,0
LDO,75.0,0
LDO,78.0,0
LDO,210.0,0
LDO,8.0,0
LDO,17.0,0
LDO,18.0,1
LDO,21.0,0
LDO,66.0,0
LDO,178.0,0
LDO,184.0,0
LDO,316.0,0
LDO,320.0,0
LDO,1773.0,0
LDO,1864.0,0
LDO,1957.0,0
LDO,2000.0,0
LDO,2133.0,0
LEND,19.0,0
LEND,5.0,1
LEND,17.0,0
LEND,18.0,0
LEND,1864.0,0
LINA,180.0,0
LINA,169.0,0
LINA,5.0,1
LINA,78.0,0
LINA,178.0,0
LINA,1751.0,0
LINA,49.0,0
LINA,67.0,0
LINA,182.0,0
LINA,8.0,0
LINA,21.0,0
LINA,81.0,0
LINA,119.0,0
LINA,190.0,0
LINA,201.0,0
LINA,206.0,0
LINA,208.0,0
LINA,269.0,0
LINA,275.0,0
LINA,1868.0,0
LINA,2006.0,0
LINA,2119.0,0
LINA,2133.0,0
LINK,79.0,1
LINK,2006.0,0
LINK,1949.0,0
LINK,316.0,0
LINK,330.0,0
LINK,1878.0,0
LINK,8.0,0
LINK,309.0,0
LINK,320.0,1
LINK,2103.0,0
LINK,61.0,0
LINK,132.0,0
LINK,322.0,0
LINK,323.0,0
LINK,324.0,0
LINK,325.0,0
LINK,364.0,0
LINK,2088.0,0
LINK,2090.0,0
LINK,2093.0,0
LINK,2131.0,0
LINK,2269.0,0
LIT,101.0,0
LIT,169.0,0
LIT,71.0,0
LIT,5.0,0
LIT,78.0,0
LIT,66.0,0
LIT,19.0,1
LIT,1751.0,0
LIT,1825.0,0
LIT,206.0,0
LIT,49.0,0
LIT,182.0,0
LIT,119.0,0
LIT,158.0,0
LIT,183.0,0
LIT,192.0,0
LIT,208.0,0
LIT,210.0,0
LIT,364.0,0
LIT,1251.0,0
LIT,1475.0,0
LIT,1544.0,0
LIT,1545.0,0
LIT,1735.0,0
LIT,1865.0,0
LIT,2077.0,0
LIT,2133.0,0
LOOM,5.0,0
LOOM,19.0,1
LOOM,49.0,0
LOOM,1735.0,0
LOOM,17.0,0
LOOM,18.0,0
LOOM,119.0,0
LOOM,182.0,0
LOOM,190.0,0
LOOM,316.0,0
LOOM,320.0,0
LOOM,330.0,0
LOOM,345.0,0
LOOM,1751.0,0
LOOM,1773.0,0
LOOM,1865.0,0
LOOM,2079.0,0
LOOM,2131.0,0
LPT,101.0,1
LPT,71.0,1
LPT,79.0,0
LPT,179.0,0
LPT,78.0,0
LPT,187.0,0
LPT,192.0,0
LPT,5.0,0
LPT,8.0,0
LPT,182.0,0
LPT,184.0,0
LPT,221.0,0
LPT,2133.0,0
LQTY,180.0,0
LQTY,5.0,0
LQTY,49.0,0
LQTY,66.0,0
LQTY,3.0,0
LQTY,8.0,0
LQTY,17.0,0
LQTY,18.0,1
LQTY,19.0,0
LQTY,71.0,0
LQTY,119.0,0
LQTY,158.0,0
LQTY,169.0,0
LQTY,357.0,0
LQTY,1773.0,0
LQTY,1864.0,0
LQTY,1957.0,0
LQTY,2000.0,0
LQTY,2133.0,0
LRC,101.0,1
LRC,79.0,1
LRC,5.0,1
LRC,169.0,0
LRC,179.0,0
LRC,71.0,0
LRC,19.0,0
LRC,187.0,0
LRC,173.0,0
LRC,49.0,0
LRC,182.0,0
LRC,309.0,0
LRC,2088.0,0
LRC,67.0,0
LRC,78.0,0
LRC,219.0,0
LRC,364.0,0
LRC,8.0,0
LRC,17.0,0
LRC,18.0,0
LRC,66.0,0
LRC,132.0,0
LRC,183.0,0
LRC,1701.0,0
LRC,2097.0,0
LRC,2103.0,0
LRC,2269.0,0
LTC,101.0,0
LTC,79.0,1
LTC,180.0,0
LTC,2119.0,1
LTC,169.0,1
LTC,81.0,0
LTC,2291.0,0
LTC,78.0,0
LTC,206.0,0
LTC,66.0,0
LTC,71.0,0
LTC,21.0,0
LTC,187.0,0
LTC,179.0,0
LTC,2006.0,0
LTC,2097.0,0
LTC,1949.0,0
LTC,2076.0,0
LTC,309.0,0
LTC,2131.0,0
LTC,8.0,1
LTC,114.0,0
LTC,177.0,0
LTC,191.0,0
LTC,207.0,0
LTC,208.0,0
LTC,1878.0,0
LTC,5.0,0
LTC,75.0,0
LTC,178.0,0
LTC,182.0,0
LTC,201.0,0
LTC,275.0,0
LTC,316.0,0
LTC,320.0,0
LTC,321.0,0
LTC,323.0,0
LTC,324.0,0
LTC,325.0,0
LTC,1809.0,0
LTC,2078.0,0
LTC,2088.0,0
LTC,2133.0,0
LTC,2269.0,0
LTC,2298.0,0
LTO,5.0,0
LTO,19.0,1
LTO,49.0,0
LTO,1868.0,0
LTO,67.0,0
LTO,1735.0,0
LTO,1865.0,0
LTO,11.0,0
LTO,29.0,0
LTO,1251.0,0
LTO,1475.0,0
LTO,1544.0,0
LTO,1545.0,0
LTO,1751.0,0
LTO,1825.0,0
MANA,79.0,1
MANA,180.0,0
MANA,5.0,0
MANA,169.0,0
MANA,19.0,1
MANA,78.0,0
MANA,66.0,0
MANA,71.0,0
MANA,206.0,0
MANA,2079.0,0
MANA,17.0,0
MANA,18.0,0
MANA,323.0,0
MANA,324.0,0
MANA,158.0,0
MANA,177.0,0
MANA,221.0,0
MANA,309.0,0
MANA,316.0,0
MANA,1878.0,0
MANA,1957.0,0
MANA,49.0,0
MANA,114.0,0
MANA,175.0,0
MANA,183.0,0
MANA,210.0,0
MANA,260.0,0
MANA,320.0,0
MANA,325.0,0
MANA,364.0,0
MANA,1701.0,0
MANA,1773.0,0
MANA,1776.0,0
MANA,1868.0,0
MANA,2006.0,0
MANA,2078.0,0
MANA,2088.0,0
MANA,2131.0,0
MASK,101.0,1
MASK,169.0,0
MASK,79.0,1
MASK,71.0,0
MASK,114.0,0
MASK,173.0,0
MASK,78.0,0
MASK,177.0,0
MASK,179.0,0
MASK,187.0,0
MASK,66.0,0
MASK,206.0,0
MASK,132.0,0
MASK,207.0,0
MASK,210.0,0
MASK,322.0,0
MASK,2103.0,0
MASK,2131.0,0
MASK,49.0,0
MASK,61.0,0
MASK,190.0,0
MASK,208.0,0
MASK,323.0,0
MASK,324.0,0
MASK,325.0,0
MASK,345.0,0
MATIC,101.0,1
MATIC,79.0,1
MATIC,180.0,0
MATIC,19.0,1
MATIC,78.0,0
MATIC,169.0,0
MATIC,5.0,0
MATIC,114.0,0
MATIC,179.0,0
MATIC,206.0,0
MATIC,66.0,0
MATIC,187.0,0
MATIC,210.0,0
MATIC,158.0,0
MATIC,309.0,0
MATIC,8.0,0
MATIC,71.0,0
MATIC,191.0,0
MATIC,316.0,0
MATIC,2079.0,0
MATIC,21.0,0
MATIC,49.0,0
MATIC,181.0,0
MATIC,201.0,0
MATIC,207.0,0
MATIC,320.0,0
MATIC,2078.0,0
MATIC,2131.0,0
MATIC,2133.0,0
MATIC,37.0,0
MATIC,177.0,0
MATIC,275.0,0
MATIC,388.0,0
MATIC,1865.0,0
MATIC,1964.0,0
MATIC,2099.0,0
MATIC,2119.0,0
MATIC,2269.0,0
MAV,323.0,0
MAV,325.0,0
MAV,5.0,0
MAV,19.0,1
MAV,49.0,0
MAV,71.0,0
MAV,182.0,0
MAV,185.0,0
MAV,1251.0,0
MAV,1475.0,0
MAV,1478.0,0
MAV,1544.0,0
MAV,1545.0,0
MAV,1718.0,0
MAV,1735.0,0
MAV,1751.0,0
MAV,1825.0,0
MAV,1865.0,0
MAV,2133.0,0
MBOX,49.0,0
MBOX,5.0,0
MBOX,19.0,1
MBOX,66.0,0
MBOX,119.0,0
MBOX,1735.0,0
MBOX,1751.0,0
MBOX,1825.0,0
MBOX,1865.0,0
MDA,19.0,1
MDA,5.0,0
MDA,17.0,1
MDA,18.0,0
MDA,1773.0,0
MDA,2079.0,0
MDA,49.0,0
MDA,1878.0,0
MDA,2088.0,0
MDA,2131.0,0
MDT,5.0,1
MDT,49.0,0
MDT,19.0,1
MDT,1868.0,0
MDT,1751.0,0
MDT,1825.0,0
MDT,2133.0,0
MDT,210.0,0
MDT,1735.0,0
MDT,1865.0,0
MDT,29.0,0
MDT,2119.0,0
MITH,19.0,1
MITH,5.0,0
MITH,1735.0,0
MITH,67.0,0
MITH,16.0,0
MITH,17.0,0
MITH,18.0,0
MITH,2079.0,0
MITH,2088.0,0
MKR,180.0,1
MKR,169.0,1
MKR,71.0,0
MKR,78.0,0
MKR,5.0,0
MKR,66.0,0
MKR,1701.0,0
MKR,177.0,0
MKR,209.0,0
MKR,323.0,0
MKR,8.0,0
MKR,19.0,1
MKR,182.0,0
MKR,201.0,0
MKR,325.0,0
MKR,1251.0,0
MKR,1475.0,0
MKR,1544.0,0
MKR,1545.0,0
MKR,1735.0,0
MKR,1751.0,0
MKR,1825.0,0
MKR,1865.0,0
MKR,2119.0,0
MKR,2131.0,0
MKR,2133.0,0
MLN,5.0,0
MLN,19.0,1
MLN,1251.0,0
MLN,1475.0,0
MLN,1544.0,0
MLN,1545.0,0
MLN,1701.0,0
MLN,1735.0,0
MLN,1751.0,0
MLN,1825.0,0
MLN,1865.0,0
MLN,1868.0,0
MTL,5.0,1
MTL,101.0,1
MTL,180.0,0
MTL,169.0,0
MTL,71.0,0
MTL,19.0,0
MTL,210.0,1
MTL,67.0,0
MTL,66.0,0
MTL,114.0,0
MTL,78.0,0
MTL,18.0,0
MTL,49.0,0
MTL,173.0,0
MTL,1751.0,0
MTL,119.0,0
MTL,158.0,0
MTL,178.0,0
MTL,181.0,0
MTL,182.0,0
MTL,309.0,0
MTL,316.0,0
MTL,1701.0,0
MTL,1735.0,0
MTL,1868.0,0
MTL,2131.0,0
MTL,2133.0,0
NAV,5.0,1
NAV,19.0,0
NAV,49.0,0
NAV,1735.0,0
NAV,2079.0,0
NAV,2088.0,0
NAV,2097.0,0
NEAR,79.0,1
NEAR,169.0,0
NEAR,5.0,0
NEAR,66.0,0
NEAR,78.0,0
NEAR,173.0,0
NEAR,206.0,0
NEAR,177.0,0
NEAR,182.0,0
NEAR,71.0,0
NEAR,2131.0,0
NEAR,309.0,0
NEAR,2133.0,0
NEAR,2269.0,0
NEAR,114.0,0
NEAR,158.0,0
NEAR,179.0,0
NEAR,219.0,0
NEAR,316.0,0
NEAR,320.0,0
NEAR,323.0,0
NEAR,324.0,0
NEAR,325.0,0
NEAR,1251.0,0
NEAR,8.0,0
NEAR,21.0,0
NEAR,190.0,0
NEAR,192.0,0
NEAR,201.0,0
NEAR,322.0,0
NEAR,388.0,0
NEAR,1475.0,0
NEAR,1544.0,0
NEAR,1545.0,1
NEAR,1751.0,0
NEAR,1825.0,0
NEAR,1865.0,0
NEAR,1868.0,0
NEAR,2099.0,0
NEBL,5.0,1
NEBL,19.0,1
NEBL,49.0,0
NEBL,201.0,0
NEBL,1825.0,0
NEBL,119.0,0
NEBL,1735.0,0
NEBL,1865.0,0
NEBL,1868.0,0
NEO,79.0,1
NEO,5.0,0
NEO,169.0,0
NEO,66.0,0
NEO,71.0,0
NEO,182.0,0
NEO,206.0,0
NEO,309.0,0
NEO,208.0,0
NEO,78.0,0
NEO,81.0,0
NEO,158.0,0
NEO,184.0,0
NEO,357.0,0
NEO,388.0,0
NEO,1505.0,0
NEO,1701.0,0
NEO,1738.0,0
NEO,1789.0,0
NEO,1868.0,0
NEO,2088.0,0
NKN,101.0,1
NKN,5.0,1
NKN,19.0,1
NKN,1735.0,0
NKN,78.0,0
NKN,66.0,0
NKN,114.0,0
NKN,2133.0,0
NKN,18.0,0
NKN,29.0,0
NKN,49.0,0
NKN,71.0,0
NKN,79.0,0
NKN,158.0,0
NKN,178.0,0
NKN,187.0,0
NKN,1701.0,0
NKN,1865.0,0
NKN,1868.0,0
NKN,2006.0,0
NKN,2131.0,0
NMR,5.0,0
NMR,2133.0,0
NMR,3.0,0
NMR,8.0,0
NMR,19.0,1
NMR,66.0,0
NMR,78.0,0
NMR,208.0,0
NMR,915.0,0
NMR,1251.0,0
NMR,1475.0,0
NMR,1544.0,0
NMR,1545.0,0
NMR,1735.0,0
NMR,1751.0,0
NMR,1825.0,0
NMR,1865.0,0
NULS,5.0,1
NULS,19.0,1
NULS,49.0,0
NULS,1868.0,0
NULS,2079.0,0
NULS,3.0,0
NULS,158.0,0
NULS,2131.0,0
OAX,5.0,0
OAX,19.0,1
OAX,49.0,0
OAX,1735.0,0
OAX,1825.0,0
OAX,3.0,0
OAX,119.0,0
OAX,17.0,0
OAX,18.0,0
OAX,1751.0,0
OAX,1773.0,0
OAX,1865.0,0
OAX,1868.0,0
OAX,2079.0,0
OAX,2088.0,0
OAX,2131.0,0
OCEAN,5.0,0
OCEAN,101.0,0
OCEAN,71.0,0
OCEAN,49.0,0
OCEAN,173.0,0
OCEAN,19.0,0
OCEAN,169.0,0
OCEAN,78.0,0
OCEAN,206.0,0
OCEAN,210.0,0
OCEAN,1751.0,0
OCEAN,8.0,0
OCEAN,21.0,0
OCEAN,177.0,0
OCEAN,178.0,0
OCEAN,182.0,0
OCEAN,183.0,0
OCEAN,323.0,0
OCEAN,324.0,1
OCEAN,325.0,0
OCEAN,1868.0,0
OCEAN,2099.0,0
OCEAN,2119.0,0
OGN,180.0,0
OGN,5.0,0
OGN,101.0,0
OGN,169.0,0
OGN,19.0,1
OGN,71.0,1
OGN,78.0,0
OGN,17.0,0
OGN,18.0,1
OGN,67.0,0
OGN,187.0,0
OGN,1865.0,0
OGN,4.0,0
OGN,49.0,0
OGN,66.0,0
OGN,182.0,0
OGN,1735.0,0
OGN,1773.0,0
OGN,1864.0,0
OGN,1878.0,0
OGN,2000.0,0
OGN,2006.0,0
OGN,2079.0,0
OGN,2131.0,0
OGN,2133.0,0
OM,5.0,0
OM,19.0,1
OM,1735.0,0
OM,1825.0,0
OM,49.0,0
OM,1251.0,0
OM,1475.0,0
OM,1544.0,0
OM,1545.0,0
OM,1751.0,0
OM,1865.0,0
OMG,79.0,1
OMG,180.0,0
OMG,169.0,0
OMG,5.0,0
OMG,71.0,0
OMG,78.0,0
OMG,309.0,0
OMG,182.0,0
OMG,3.0,0
OMG,114.0,0
OMG,179.0,0
OMG,206.0,0
OMG,364.0,0
OMG,66.0,0
OMG,177.0,0
OMG,201.0,0
OMG,269.0,0
OMG,2078.0,0
ONG,5.0,0
ONG,19.0,1
ONG,49.0,0
ONG,357.0,0
ONG,1751.0,0
ONG,1773.0,0
ONG,1825.0,0
ONG,2131.0,0
ONG,1735.0,0
ONG,1865.0,0
ONT,79.0,1
ONT,169.0,0
ONT,71.0,0
ONT,5.0,0
ONT,173.0,0
ONT,309.0,0
ONT,114.0,0
ONT,179.0,0
ONT,180.0,0
ONT,2006.0,0
ONT,66.0,0
ONT,78.0,0
ONT,158.0,0
ONT,323.0,0
ONT,324.0,0
ONT,325.0,0
ONT,2131.0,0
OP,2133.0,1
OP,78.0,0
OP,182.0,0
OP,210.0,0
OP,158.0,0
OP,49.0,0
OP,101.0,0
OP,185.0,0
OP,21.0,0
OP,71.0,0
OP,169.0,0
OP,179.0,0
OP,206.0,0
OP,221.0,0
OP,316.0,0
OP,1251.0,0
OP,1475.0,0
OP,1544.0,0
OP,1545.0,1
OP,1735.0,0
OP,1751.0,0
OP,1825.0,0
OP,1865.0,0
ORN,5.0,0
ORN,49.0,1
ORN,345.0,0
ORN,1735.0,0
ORN,1825.0,0
OST,19.0,0
OST,5.0,0
OST,17.0,0
OST,18.0,1
OST,1773.0,0
OST,1864.0,0
OST,2079.0,0
OXT,5.0,1
OXT,19.0,0
OXT,2133.0,0
OXT,49.0,0
OXT,1825.0,0
OXT,1735.0,0
OXT,1865.0,0
OXT,1868.0,0
PEOPLE,101.0,1
PEOPLE,187.0,0
PEOPLE,114.0,0
PEOPLE,179.0,0
PEOPLE,78.0,0
PEOPLE,119.0,0
PEOPLE,177.0,0
PEOPLE,5.0,0
PEOPLE,66.0,0
PEOPLE,183.0,0
PEOPLE,207.0,0
PEOPLE,208.0,0
PEOPLE,330.0,0
PEOPLE,2133.0,0
PEOPLE,182.0,0
PEOPLE,322.0,0
PEOPLE,915.0,0
PEOPLE,1701.0,0
PERL,5.0,1
PERL,19.0,1
PERL,1735.0,0
PERL,49.0,0
PERL,1865.0,0
PERL,1868.0,0
PERL,18.0,0
PERL,1825.0,0
PERL,1773.0,0
PERL,2131.0,0
PHA,5.0,0
PHA,19.0,1
PHA,1865.0,0
PHA,49.0,0
PHA,1251.0,0
PHA,1475.0,0
PHA,1544.0,0
PHA,1545.0,0
PHA,1735.0,0
PHA,1751.0,0
PHA,1825.0,0
PHA,1868.0,0
PNT,5.0,1
PNT,19.0,1
PNT,49.0,0
PNT,1735.0,0
PNT,1751.0,0
PNT,158.0,0
PNT,345.0,0
PNT,357.0,0
PNT,1825.0,0
PNT,1868.0,0
POA,19.0,1
POA,5.0,0
POA,49.0,0
POA,2079.0,0
POA,2088.0,0
POA,59.0,0
POLY,5.0,1
POLY,19.0,1
POLY,49.0,0
POLY,1868.0,0
POLY,1735.0,0
POLY,1865.0,0
POLY,2079.0,0
POLY,17.0,0
POLY,18.0,0
POLY,2006.0,0
POLY,2131.0,0
POND,5.0,0
POND,19.0,1
POND,49.0,0
POND,1735.0,0
POND,2079.0,0
POND,2119.0,0
POND,119.0,0
POND,1865.0,0
POND,1868.0,0
PORTO,5.0,0
PORTO,19.0,1
PORTO,1251.0,0
PORTO,1475.0,0
PORTO,1544.0,0
PORTO,1545.0,0
PORTO,1735.0,0
PORTO,1751.0,0
PORTO,1825.0,0
PORTO,1865.0,0
POWR,19.0,1
POWR,5.0,0
POWR,49.0,1
POWR,1735.0,0
POWR,2079.0,0
POWR,316.0,0
POWR,1865.0,1
POWR,119.0,0
POWR,319.0,0
POWR,320.0,0
POWR,345.0,0
POWR,1251.0,0
POWR,1475.0,0
POWR,1544.0,0
POWR,1545.0,0
POWR,1751.0,0
POWR,1825.0,0
PROM,19.0,1
PROM,1251.0,0
PROM,1475.0,0
PROM,1544.0,0
PROM,1545.0,0
PROM,1735.0,0
PROM,1751.0,0
PROM,1825.0,0
PROM,1865.0,0
PROS,1735.0,0
PROS,19.0,1
PROS,1251.0,0
PROS,1475.0,0
PROS,1544.0,0
PROS,1545.0,0
PROS,1751.0,0
PROS,1825.0,0
PROS,1865.0,0
PROS,49.0,0
PROS,345.0,0
PSG,5.0,0
PSG,357.0,0
PSG,1735.0,0
PSG,1751.0,1
PSG,1825.0,0
PSG,1865.0,0
PSG,1868.0,0
PYR,5.0,0
PYR,19.0,1
PYR,357.0,0
PYR,1251.0,0
PYR,1475.0,0
PYR,1544.0,0
PYR,1545.0,0
PYR,1735.0,0
PYR,1751.0,0
PYR,1825.0,0
PYR,1865.0,0
PYR,1868.0,0
PYTH,316.0,0
PYTH,17.0,0
PYTH,18.0,1
PYTH,320.0,0
PYTH,1773.0,0
PYTH,1864.0,0
PYTH,1957.0,0
PYTH,2000.0,0
PYTH,2133.0,0
QLC,5.0,1
QLC,19.0,1
QLC,3.0,0
QLC,1825.0,0
QLC,17.0,0
QLC,18.0,1
QLC,49.0,0
QLC,1773.0,0
QLC,119.0,0
QLC,1864.0,0
QLC,2131.0,0
QNT,101.0,1
QNT,71.0,0
QNT,180.0,0
QNT,187.0,0
QNT,206.0,0
QNT,19.0,1
QNT,66.0,0
QNT,177.0,0
QNT,182.0,0
QNT,184.0,0
QNT,1251.0,0
QNT,1475.0,0
QNT,1544.0,0
QNT,1545.0,0
QNT,1701.0,0
QNT,1735.0,0
QNT,1751.0,0
QNT,1825.0,0
QNT,1865.0,0
QSP,5.0,0
QSP,19.0,1
QSP,49.0,0
QSP,18.0,1
QSP,17.0,0
QSP,1735.0,0
QSP,1773.0,0
QSP,1865.0,0
QSP,2000.0,0
QUICK,5.0,0
QUICK,19.0,1
QUICK,49.0,0
QUICK,345.0,0
QUICK,1251.0,0
QUICK,1475.0,0
QUICK,1544.0,0
QUICK,1545.0,0
QUICK,1701.0,0
QUICK,1735.0,0
QUICK,1751.0,0
QUICK,1825.0,0
QUICK,1865.0,0
QUICK,1868.0,0
RARE,1825.0,0
RARE,5.0,0
RARE,49.0,0
RARE,1251.0,0
RARE,1475.0,0
RARE,1544.0,0
RARE,1751.0,0
RARE,1865.0,0
RARE,19.0,1
RARE,345.0,0
RARE,1545.0,0
RARE,1701.0,0
RARE,1735.0,0
RAY,101.0,1
RAY,169.0,0
RAY,71.0,0
RAY,179.0,0
RAY,187.0,0
RAY,5.0,0
RAY,66.0,0
RAY,86.0,0
RAY,158.0,0
RAY,207.0,0
RAY,1701.0,0
RAY,1868.0,0
RCN,19.0,1
RCN,5.0,0
RCN,49.0,0
RCN,2079.0,0
RCN,18.0,0
RCN,1735.0,0
RCN,1773.0,0
RCN,1868.0,0
RDN,19.0,1
RDN,5.0,0
RDN,18.0,1
RDN,49.0,0
RDN,17.0,0
RDN,1773.0,0
RDN,2079.0,0
RDN,1735.0,0
RDN,2131.0,0
REEF,180.0,1
REEF,169.0,0
REEF,201.0,0
REEF,66.0,0
REEF,5.0,0
REEF,78.0,0
REEF,158.0,0
REEF,183.0,0
REEF,206.0,0
REEF,322.0,0
REEF,1505.0,0
REEF,1868.0,0
REEF,2078.0,0
REEF,2133.0,0
REI,5.0,1
REI,1751.0,0
REI,1868.0,0
REI,49.0,0
REI,201.0,0
REI,345.0,0
REN,5.0,0
REN,101.0,1
REN,19.0,0
REN,49.0,0
REN,71.0,0
REN,78.0,0
REN,182.0,0
REN,2131.0,1
REN,66.0,0
REN,206.0,0
REN,207.0,0
REN,210.0,0
REN,2079.0,0
REN,18.0,0
REN,29.0,0
REN,79.0,0
REN,114.0,0
REN,119.0,0
REN,183.0,0
REN,345.0,0
REN,1730.0,0
REN,1773.0,0
REN,1878.0,0
REQ,5.0,1
REQ,19.0,1
REQ,49.0,0
REQ,17.0,0
REQ,18.0,1
REQ,1735.0,0
REQ,1751.0,0
REQ,1773.0,0
REQ,1868.0,0
REQ,2079.0,0
REQ,2131.0,0
REQ,345.0,0
REQ,2000.0,0
RIF,5.0,1
RIF,19.0,1
RIF,49.0,1
RIF,1735.0,0
RIF,1751.0,0
RIF,119.0,0
RIF,3.0,0
RIF,158.0,0
RIF,345.0,0
RIF,1251.0,0
RIF,1475.0,0
RIF,1544.0,0
RIF,1545.0,0
RIF,1825.0,0
RIF,1865.0,0
RIF,1868.0,0
RIF,2006.0,0
RLC,5.0,1
RLC,19.0,1
RLC,71.0,0
RLC,49.0,0
RLC,1735.0,0
RLC,78.0,0
RLC,182.0,0
RLC,1825.0,1
RLC,1865.0,0
RLC,2006.0,0
RLC,66.0,0
RLC,180.0,0
RLC,1868.0,0
RLC,3.0,0
RLC,8.0,0
RLC,17.0,0
RLC,18.0,0
RLC,21.0,0
RLC,177.0,0
RLC,183.0,0
RLC,190.0,0
RLC,201.0,0
RLC,316.0,0
RLC,345.0,0
RLC,1701.0,0
RLC,1773.0,0
RLC,1943.0,0
RLC,1982.0,0
RLC,2088.0,0
RLC,2131.0,0
RLC,2138.0,0
RSR,79.0,1
RSR,169.0,0
RSR,180.0,0
RSR,5.0,0
RSR,19.0,0
RSR,78.0,0
RSR,183.0,0
RSR,49.0,0
RSR,206.0,0
RSR,173.0,0
RSR,309.0,0
RSR,2103.0,0
RSR,208.0,0
RSR,345.0,0
RSR,2119.0,0
RSR,2131.0,0
RUNE,79.0,1
RUNE,180.0,0
RUNE,169.0,0
RUNE,71.0,0
RUNE,5.0,1
RUNE,114.0,0
RUNE,182.0,1
RUNE,66.0,0
RUNE,78.0,0
RUNE,19.0,0
RUNE,158.0,0
RUNE,192.0,0
RUNE,309.0,0
RUNE,2131.0,0
RUNE,49.0,0
RUNE,173.0,0
RUNE,210.0,0
RUNE,324.0,0
RUNE,2006.0,0
RUNE,2133.0,0
RUNE,8.0,0
RUNE,177.0,0
RUNE,181.0,0
RUNE,190.0,0
RUNE,206.0,0
RUNE,221.0,0
RUNE,323.0,0
RUNE,325.0,0
RUNE,364.0,0
RUNE,2119.0,0
RVN,101.0,0
RVN,5.0,0
RVN,19.0,1
RVN,169.0,0
RVN,18.0,0
RVN,49.0,0
RVN,78.0,0
RVN,206.0,0
RVN,2079.0,0
RVN,2088.0,0
RVN,17.0,0
RVN,221.0,0
RVN,275.0,0
RVN,309.0,0
RVN,364.0,0
RVN,1735.0,0
RVN,1773.0,0
RVN,1825.0,0
RVN,1868.0,0
RVN,1878.0,0
RVN,2094.0,0
RVN,2131.0,0
SAND,79.0,1
SAND,180.0,0
SAND,5.0,0
SAND,169.0,0
SAND,19.0,1
SAND,71.0,0
SAND,66.0,0
SAND,78.0,0
SAND,49.0,0
SAND,210.0,0
SAND,114.0,0
SAND,1735.0,0
SAND,67.0,0
SAND,206.0,0
SAND,316.0,0
SAND,61.0,0
SAND,132.0,0
SAND,158.0,0
SAND,177.0,0
SAND,182.0,0
SAND,221.0,0
SAND,320.0,0
SAND,322.0,0
SAND,325.0,0
SAND,1401.0,0
SAND,2078.0,0
SAND,2131.0,0
SC,169.0,0
SC,5.0,0
SC,19.0,1
SC,1251.0,0
SC,1475.0,0
SC,1544.0,0
SC,1545.0,0
SC,1735.0,0
SC,1751.0,0
SC,1825.0,0
SC,1865.0,0
SCRT,5.0,0
SCRT,19.0,1
SCRT,49.0,0
SCRT,1735.0,0
SCRT,357.0,0
SCRT,1251.0,0
SCRT,1475.0,0
SCRT,1544.0,0
SCRT,1545.0,0
SCRT,1751.0,0
SCRT,1825.0,0
SCRT,1865.0,0
SCRT,1868.0,0
SEI,17.0,0
SEI,18.0,1
SEI,1957.0,0
SEI,2000.0,0
SEI,2133.0,0
SEI,182.0,0
SEI,388.0,0
SEI,1773.0,0
SEI,1864.0,0
SEI,5.0,0
SEI,19.0,1
SEI,75.0,0
SEI,184.0,0
SEI,1251.0,0
SEI,1475.0,0
SEI,1544.0,0
SEI,1545.0,0
SEI,1735.0,0
SEI,1751.0,0
SEI,1825.0,0
SEI,1865.0,0
SEI,2103.0,0
SFP,79.0,1
SFP,71.0,0
SFP,177.0,0
SFP,5.0,0
SFP,169.0,0
SFP,78.0,0
SFP,66.0,0
SFP,114.0,0
SFP,182.0,0
SFP,158.0,0
SFP,324.0,0
SFP,330.0,0
SFP,2133.0,0
SFP,49.0,0
SFP,119.0,0
SFP,184.0,0
SFP,190.0,0
SFP,309.0,0
SFP,323.0,0
SFP,325.0,0
SFP,388.0,0
SFP,882.0,0
SFP,922.0,0
SFP,1505.0,0
SFP,1868.0,0
SKL,79.0,1
SKL,169.0,0
SKL,5.0,1
SKL,180.0,0
SKL,71.0,0
SKL,19.0,0
SKL,66.0,0
SKL,132.0,0
SKL,49.0,0
SKL,309.0,0
SKL,2103.0,0
SKL,2133.0,0
SKL,29.0,0
SKL,61.0,0
SKL,158.0,0
SKL,210.0,0
SKL,1401.0,0
SKL,1868.0,0
SKL,2097.0,0
SKY,5.0,1
SKY,19.0,0
SKY,49.0,0
SKY,18.0,0
SKY,1773.0,0
SKY,2131.0,0
SKY,1735.0,0
SKY,1868.0,0
SKY,2079.0,0
SLP,114.0,0
SLP,357.0,0
SLP,19.0,1
SLP,66.0,0
SLP,1251.0,0
SLP,1475.0,0
SLP,1544.0,0
SLP,1545.0,0
SLP,1735.0,0
SLP,1751.0,0
SLP,1825.0,0
SLP,1865.0,0
SNX,180.0,1
SNX,169.0,0
SNX,71.0,0
SNX,5.0,1
SNX,173.0,0
SNX,19.0,0
SNX,78.0,0
SNX,1735.0,0
SNX,177.0,0
SNX,1868.0,0
SNX,2133.0,0
SNX,67.0,0
SNX,158.0,0
SNX,179.0,0
SNX,49.0,0
SNX,66.0,0
SNX,178.0,0
SNX,182.0,0
SNX,206.0,0
SNX,345.0,0
SNX,1865.0,0
SNX,2119.0,0
SOL,79.0,1
SOL,101.0,0
SOL,66.0,1
SOL,78.0,0
SOL,71.0,0
SOL,169.0,0
SOL,206.0,0
SOL,21.0,0
SOL,177.0,0
SOL,114.0,0
SOL,8.0,0
SOL,81.0,0
SOL,2006.0,0
SOL,5.0,0
SOL,158.0,0
SOL,179.0,0
SOL,187.0,0
SOL,207.0,0
SOL,208.0,0
SOL,221.0,0
SOL,323.0,0
SOL,325.0,0
SOL,364.0,0
SOL,2269.0,0
SOL,64.0,0
SOL,132.0,0
SOL,181.0,0
SOL,184.0,0
SOL,190.0,0
SOL,191.0,0
SOL,201.0,0
SOL,210.0,0
SOL,316.0,0
SOL,320.0,0
SOL,330.0,0
SOL,1701.0,0
SOL,1730.0,0
SOL,1809.0,0
SOL,1878.0,0
SOL,1921.0,0
SOL,1988.0,0
SOL,2097.0,0
SOL,2131.0,0
SOL,2139.0,0
SOL,2291.0,0
SOL,2298.0,0
SSV,79.0,1
SSV,101.0,0
SSV,5.0,0
SSV,61.0,0
SSV,132.0,0
SSV,324.0,0
SSV,2133.0,0
SSV,19.0,0
SSV,71.0,0
SSV,323.0,0
SSV,325.0,0
SSV,357.0,0
SSV,1401.0,0
SSV,2103.0,0
STEEM,5.0,0
STEEM,19.0,1
STEEM,49.0,0
STEEM,1865.0,0
STEEM,201.0,0
STEEM,1735.0,0
STORJ,79.0,1
STORJ,5.0,0
STORJ,71.0,0
STORJ,19.0,1
STORJ,169.0,0
STORJ,101.0,0
STORJ,49.0,0
STORJ,114.0,0
STORJ,309.0,0
STORJ,67.0,0
STORJ,210.0,0
STORJ,364.0,0
STORJ,1505.0,0
STORJ,2079.0,0
STORJ,2103.0,0
STORJ,18.0,0
STORJ,61.0,0
STORJ,66.0,0
STORJ,75.0,0
STORJ,78.0,0
STORJ,132.0,0
STORJ,207.0,0
STORJ,275.0,0
STORJ,323.0,0
STORJ,324.0,0
STORJ,325.0,0
STORJ,1735.0,0
STORJ,1825.0,0
STORJ,1878.0,0
STORJ,2077.0,0
STORJ,2131.0,0
STPT,5.0,0
STPT,19.0,1
STPT,49.0,0
STPT,1751.0,0
STPT,201.0,0
STPT,1735.0,0
STPT,1825.0,0
STRAX,5.0,0
STRAX,19.0,1
STRAX,1735.0,0
STRAX,1825.0,0
STRAX,49.0,0
STRAX,1701.0,0
STRAX,1751.0,0
STRAX,1251.0,0
STRAX,1475.0,0
STRAX,1544.0,0
STRAX,1545.0,0
STRAX,1865.0,0
STX,5.0,1
STX,19.0,0
STX,49.0,0
STX,180.0,0
STX,78.0,0
STX,1751.0,0
STX,2133.0,0
STX,67.0,0
STX,1701.0,0
STX,3.0,0
STX,17.0,0
STX,18.0,1
STX,71.0,0
STX,169.0,0
STX,178.0,0
STX,269.0,0
STX,1251.0,0
STX,1475.0,0
STX,1544.0,0
STX,1545.0,1
STX,1735.0,0
STX,1773.0,0
STX,1825.0,0
STX,1864.0,0
STX,1865.0,0
STX,1868.0,0
STX,1957.0,0
STX,2000.0,0
SUN,5.0,0
SUN,19.0,1
SUN,1735.0,0
SUN,1751.0,0
SUN,1825.0,0
SUN,1865.0,0
SUSHI,101.0,1
SUSHI,79.0,1
SUSHI,169.0,0
SUSHI,71.0,0
SUSHI,179.0,0
SUSHI,5.0,0
SUSHI,66.0,1
SUSHI,114.0,0
SUSHI,78.0,0
SUSHI,206.0,0
SUSHI,177.0,0
SUSHI,49.0,0
SUSHI,158.0,0
SUSHI,182.0,0
SUSHI,187.0,0
SUSHI,210.0,0
SUSHI,364.0,0
SUSHI,2131.0,0
SUSHI,17.0,0
SUSHI,18.0,1
SUSHI,21.0,0
SUSHI,61.0,0
SUSHI,132.0,0
SUSHI,183.0,0
SUSHI,190.0,0
SUSHI,191.0,0
SUSHI,309.0,0
SUSHI,322.0,0
SUSHI,1773.0,0
SUSHI,1864.0,0
SUSHI,1868.0,0
SUSHI,1957.0,0
SUSHI,2000.0,0
SUSHI,2006.0,0
SUSHI,2078.0,0
SUSHI,2099.0,0
SUSHI,2103.0,0
SUSHI,2119.0,0
SUSHI,2133.0,0
SXP,79.0,1
SXP,5.0,0
SXP,19.0,1
SXP,71.0,0
SXP,169.0,0
SXP,49.0,0
SXP,1735.0,0
SXP,66.0,0
SXP,81.0,0
SXP,192.0,0
SXP,1865.0,0
SXP,2006.0,0
SXP,2079.0,0
SXP,78.0,0
SXP,182.0,0
SXP,191.0,0
SXP,206.0,0
SXP,309.0,0
SXP,388.0,0
SYN,5.0,0
SYN,19.0,1
SYN,49.0,0
SYN,1735.0,0
SYN,1751.0,0
SYN,1825.0,0
SYN,1865.0,0
SYS,5.0,1
SYS,19.0,1
SYS,49.0,0
SYS,1868.0,0
SYS,2079.0,0
SYS,17.0,0
SYS,18.0,0
SYS,357.0,0
SYS,1735.0,0
SYS,1825.0,0
SYS,2088.0,0
TCT,19.0,1
TCT,67.0,0
TCT,5.0,0
TCT,49.0,0
TCT,1865.0,0
TCT,2006.0,0
TCT,2079.0,0
THETA,79.0,1
THETA,180.0,0
THETA,19.0,1
THETA,5.0,0
THETA,169.0,1
THETA,66.0,0
THETA,173.0,0
THETA,210.0,0
THETA,71.0,0
THETA,78.0,0
THETA,49.0,0
THETA,101.0,0
THETA,177.0,0
THETA,182.0,0
THETA,2079.0,0
THETA,114.0,0
THETA,181.0,0
THETA,192.0,0
THETA,309.0,0
THETA,1878.0,0
THETA,2006.0,0
THETA,14.0,0
THETA,18.0,0
THETA,29.0,0
THETA,61.0,0
THETA,81.0,0
THETA,132.0,0
THETA,158.0,0
THETA,178.0,0
THETA,190.0,0
THETA,364.0,0
THETA,1251.0,0
THETA,1475.0,0
THETA,1544.0,0
THETA,1545.0,0
THETA,1735.0,0
THETA,1751.0,0
THETA,1825.0,0
THETA,1865.0,0
THETA,2078.0,0
THETA,2103.0,0
THETA,2133.0,0
TIA,190.0,1
TIA,79.0,1
TIA,158.0,0
TIA,181.0,0
TIA,182.0,0
TIA,275.0,0
TIA,322.0,0
TIA,357.0,0
TIA,1505.0,0
TIA,2131.0,0
TLM,101.0,0
TLM,79.0,1
TLM,169.0,0
TLM,19.0,1
TLM,179.0,0
TLM,187.0,0
TLM,66.0,0
TLM,78.0,0
TLM,49.0,0
TLM,309.0,0
TLM,1735.0,0
TLM,1865.0,0
TLM,1878.0,0
TLM,2131.0,0
TLM,2269.0,0
TOMO,79.0,1
TOMO,71.0,0
TOMO,5.0,0
TOMO,19.0,1
TOMO,78.0,0
TOMO,49.0,0
TOMO,169.0,0
TOMO,192.0,0
TOMO,178.0,0
TOMO,182.0,0
TOMO,1751.0,0
TOMO,3.0,0
TOMO,8.0,0
TOMO,67.0,0
TOMO,81.0,0
TOMO,180.0,0
TOMO,309.0,0
TOMO,1735.0,0
TOMO,2079.0,0
TOMO,66.0,0
TOMO,114.0,0
TOMO,158.0,0
TOMO,184.0,0
TOMO,191.0,0
TOMO,208.0,0
TOMO,2097.0,0
TOMO,2104.0,0
TOMO,2131.0,0
TOMO,2133.0,0
TOMO,2291.0,0
TRB,101.0,1
TRB,5.0,0
TRB,71.0,0
TRB,19.0,1
TRB,78.0,1
TRB,1735.0,0
TRB,1865.0,0
TRB,66.0,0
TRB,1868.0,0
TRB,8.0,0
TRB,182.0,0
TRB,191.0,0
TRB,192.0,0
TRB,206.0,0
TRB,2133.0,0
TRB,21.0,0
TRB,75.0,0
TRB,114.0,0
TRB,210.0,0
TRB,221.0,0
TRB,364.0,0
TRB,388.0,0
TRB,1878.0,0
TRB,2077.0,0
TRB,2119.0,0
TRU,5.0,1
TRU,1735.0,0
TRU,19.0,1
TRU,49.0,0
TRU,1868.0,0
TRU,2131.0,0
TRU,2133.0,0
TRU,71.0,0
TRU,119.0,0
TRU,158.0,0
TRU,201.0,0
TRU,1865.0,0
TRX,101.0,1
TRX,79.0,1
TRX,180.0,1
TRX,5.0,0
TRX,169.0,0
TRX,78.0,0
TRX,179.0,0
TRX,19.0,0
TRX,66.0,0
TRX,2291.0,0
TRX,158.0,0
TRX,324.0,0
TRX,49.0,0
TRX,81.0,0
TRX,177.0,0
TRX,219.0,0
TRX,309.0,0
TRX,323.0,0
TRX,325.0,0
TRX,1751.0,0
TRX,2006.0,0
TRX,2131.0,0
TRX,8.0,0
TRX,29.0,0
TRX,182.0,0
TRX,183.0,0
TRX,206.0,0
TRX,364.0,0
TRX,1701.0,0
TRX,1735.0,0
TRX,1738.0,0
TRX,1878.0,0
TRX,1968.0,0
TRX,2119.0,0
TVK,5.0,1
TVK,49.0,0
TVK,1735.0,0
TVK,1751.0,0
TVK,1825.0,0
TVK,19.0,1
TVK,1865.0,0
TVK,67.0,0
UFT,5.0,0
UFT,1751.0,0
UFT,19.0,1
UFT,1251.0,0
UFT,1475.0,0
UFT,1544.0,0
UFT,1545.0,0
UFT,1735.0,0
UFT,1825.0,0
UFT,1865.0,0
UNFI,71.0,1
UNFI,19.0,0
UNFI,101.0,0
UNFI,79.0,1
UNFI,5.0,0
UNFI,66.0,0
UNFI,49.0,0
UNFI,78.0,0
UNFI,309.0,0
UNFI,2133.0,0
UNFI,75.0,0
UNFI,114.0,0
UNFI,182.0,0
UNFI,184.0,0
UNFI,323.0,0
UNFI,324.0,0
UNFI,325.0,0
UNFI,158.0,0
UNFI,190.0,0
UNFI,357.0,0
UNFI,2078.0,0
UNFI,2131.0,0
UNI,79.0,1
UNI,180.0,0
UNI,71.0,0
UNI,5.0,0
UNI,169.0,0
UNI,1949.0,0
UNI,19.0,0
UNI,101.0,0
UNI,61.0,0
UNI,132.0,0
UNI,177.0,0
UNI,78.0,0
UNI,66.0,0
UNI,316.0,0
UNI,323.0,0
UNI,325.0,0
UNI,49.0,0
UNI,324.0,0
UNI,1401.0,0
UNI,1478.0,0
UNI,1718.0,0
UNI,2103.0,0
UNI,2133.0,0
UNI,75.0,0
UNI,114.0,0
UNI,158.0,0
UNI,182.0,0
UNI,206.0,0
UNI,309.0,0
UNI,320.0,0
UNI,322.0,0
UNI,330.0,0
UNI,2076.0,0
UNI,2077.0,0
UNI,2078.0,0
USTC,19.0,1
USTC,1251.0,0
USTC,1475.0,0
USTC,1544.0,0
USTC,1545.0,0
USTC,1735.0,0
USTC,1751.0,0
USTC,1825.0,0
USTC,1865.0,0
USTC,1868.0,0
UTK,5.0,1
UTK,49.0,0
UTK,19.0,1
UTK,1865.0,0
UTK,1868.0,0
VET,79.0,1
VET,101.0,0
VET,78.0,0
VET,5.0,0
VET,169.0,0
VET,19.0,1
VET,2131.0,0
VET,49.0,0
VET,114.0,0
VET,182.0,0
VET,206.0,0
VET,210.0,0
VET,1751.0,0
VET,1878.0,0
VET,66.0,0
VET,81.0,0
VET,177.0,0
VET,183.0,0
VET,190.0,0
VET,201.0,0
VET,309.0,0
VET,323.0,0
VET,324.0,0
VET,325.0,0
VET,364.0,0
VET,1868.0,0
VET,2079.0,0
VIA,5.0,1
VIA,19.0,1
VIA,49.0,0
VIA,18.0,0
VIA,1773.0,0
VIA,1865.0,0
VIA,1868.0,0
VIA,2131.0,0
VIB,5.0,1
VIB,19.0,1
VIB,2079.0,0
VIB,49.0,0
VIB,1735.0,0
VIB,1865.0,0
VIB,17.0,0
VIB,18.0,0
VIB,1868.0,0
VIB,357.0,0
VIB,1751.0,0
VIB,1773.0,0
VIB,1825.0,0
VIB,1956.0,0
VIBE,19.0,0
VIBE,5.0,0
VIBE,2131.0,0
VIBE,17.0,0
VIBE,18.0,1
VIBE,1773.0,0
VIBE,1864.0,0
VIBE,2061.0,0
VIDT,5.0,0
VIDT,19.0,1
VIDT,1825.0,0
VIDT,1735.0,0
VIDT,1251.0,0
VIDT,1475.0,0
VIDT,1544.0,0
VIDT,1545.0,0
VIDT,1751.0,0
VIDT,1865.0,0
VIDT,49.0,0
VIDT,1868.0,0
VITE,5.0,1
VITE,19.0,1
VITE,49.0,0
VITE,1735.0,0
VITE,1865.0,0
VITE,158.0,0
VITE,2006.0,0
VITE,2119.0,0
VOXEL,5.0,0
VOXEL,49.0,0
VOXEL,1735.0,0
VOXEL,19.0,1
VOXEL,119.0,0
VOXEL,1475.0,0
VOXEL,1544.0,0
VOXEL,1545.0,0
VOXEL,1751.0,0
VOXEL,1825.0,0
VOXEL,2296.0,0
WABI,5.0,1
WABI,19.0,1
WABI,49.0,0
WABI,1735.0,0
WABI,2088.0,0
WABI,17.0,0
WABI,18.0,1
WABI,1751.0,0
WABI,1773.0,0
WABI,1825.0,0
WABI,2079.0,0
WABI,1868.0,0
WABI,1878.0,0
WABI,1957.0,0
WABI,2000.0,0
WABI,2131.0,0
WAN,5.0,1
WAN,19.0,0
WAN,49.0,0
WAN,1868.0,0
WAN,17.0,0
WAN,18.0,0
WAN,1735.0,0
WAN,1773.0,0
WAN,1878.0,0
WAN,2088.0,0
WAN,2131.0,0
WAVES,79.0,1
WAVES,5.0,0
WAVES,71.0,0
WAVES,78.0,0
WAVES,169.0,0
WAVES,114.0,0
WAVES,182.0,0
WAVES,66.0,0
WAVES,177.0,0
WAVES,178.0,0
WAVES,179.0,0
WAVES,210.0,0
WAVES,2131.0,0
WAVES,49.0,0
WAVES,221.0,0
WAVES,309.0,0
WAVES,357.0,0
WAVES,1505.0,0
WAVES,2078.0,0
WAVES,2133.0,0
WAXP,49.0,0
WAXP,5.0,0
WAXP,19.0,1
WAXP,330.0,0
WAXP,1751.0,0
WAXP,119.0,0
WAXP,345.0,0
WAXP,1868.0,0
WING,5.0,0
WING,19.0,1
WING,3.0,0
WING,158.0,0
WING,1251.0,0
WING,1475.0,0
WING,1544.0,0
WING,1545.0,0
WING,1735.0,0
WING,1751.0,0
WING,1825.0,0
WING,1865.0,0
WOO,180.0,0
WOO,71.0,1
WOO,5.0,0
WOO,19.0,0
WOO,78.0,0
WOO,178.0,0
WOO,49.0,0
WOO,75.0,0
WOO,119.0,0
WOO,169.0,0
WOO,183.0,0
WOO,184.0,0
WOO,191.0,0
WOO,206.0,0
WOO,316.0,0
WOO,320.0,0
WOO,322.0,0
WOO,1868.0,0
WOO,2103.0,0
WOO,2133.0,0
WRX,19.0,1
WRX,5.0,1
WRX,49.0,0
WRX,1735.0,0
WRX,1825.0,0
WRX,1865.0,0
WRX,1868.0,0
WRX,1751.0,0
WRX,3.0,0
WRX,345.0,0
WRX,1251.0,0
WRX,1475.0,0
WRX,1544.0,0
WRX,1545.0,0
WTC,5.0,0
WTC,18.0,1
WTC,49.0,0
WTC,3.0,0
WTC,17.0,0
WTC,1773.0,0
WTC,1868.0,0
WTC,2000.0,0
WTC,2079.0,0
WTC,2088.0,0
XLM,79.0,1
XLM,101.0,0
XLM,5.0,0
XLM,78.0,0
XLM,19.0,1
XLM,71.0,0
XLM,169.0,0
XLM,49.0,0
XLM,114.0,0
XLM,66.0,0
XLM,210.0,0
XLM,330.0,0
XLM,316.0,0
XLM,320.0,0
XLM,322.0,0
XLM,2079.0,0
XLM,61.0,0
XLM,177.0,0
XLM,269.0,0
XLM,364.0,0
XLM,1401.0,0
XLM,1735.0,0
XLM,1865.0,0
XLM,1868.0,0
XLM,2006.0,0
XLM,2078.0,0
XLM,2133.0,0
XMR,101.0,1
XMR,180.0,0
XMR,169.0,1
XMR,71.0,0
XMR,5.0,0
XMR,158.0,0
XMR,177.0,0
XMR,2006.0,0
XMR,8.0,0
XMR,66.0,0
XMR,81.0,0
XMR,190.0,0
XMR,206.0,0
XMR,364.0,0
XMR,1701.0,0
XMR,2088.0,0
XMR,2097.0,0
XMR,2291.0,0
XRP,79.0,1
XRP,180.0,0
XRP,78.0,1
XRP,71.0,0
XRP,169.0,0
XRP,206.0,0
XRP,66.0,0
XRP,19.0,0
XRP,178.0,0
XRP,1949.0,0
XRP,5.0,1
XRP,81.0,0
XRP,316.0,1
XRP,177.0,0
XRP,210.0,0
XRP,2291.0,0
XRP,8.0,0
XRP,182.0,0
XRP,183.0,0
XRP,190.0,0
XRP,309.0,0
XRP,330.0,0
XRP,1825.0,0
XRP,2006.0,0
XRP,3.0,0
XRP,21.0,0
XRP,158.0,0
XRP,175.0,0
XRP,201.0,0
XRP,320.0,0
XRP,322.0,0
XRP,383.0,0
XRP,1868.0,0
XRP,2045.0,0
XRP,2079.0,0
XRP,2088.0,0
XRP,2119.0,0
XRP,2133.0,0
XTZ,79.0,1
XTZ,180.0,0
XTZ,169.0,0
XTZ,5.0,0
XTZ,78.0,0
XTZ,206.0,0
XTZ,323.0,0
XTZ,71.0,0
XTZ,177.0,0
XTZ,66.0,0
XTZ,309.0,0
XTZ,325.0,0
XTZ,29.0,0
XTZ,61.0,0
XTZ,158.0,0
XTZ,210.0,0
XTZ,275.0,0
XTZ,322.0,0
XTZ,1401.0,0
XTZ,1701.0,0
XTZ,1868.0,0
XTZ,1878.0,0
XTZ,2006.0,0
XTZ,2103.0,0
XVG,19.0,1
XVG,330.0,0
XVG,66.0,0
XVG,158.0,0
XVG,178.0,0
XVG,1251.0,0
XVG,1475.0,0
XVG,1544.0,0
XVG,1545.0,0
XVG,1735.0,0
XVG,1751.0,0
XVG,1825.0,0
XVG,1865.0,0
XVG,2119.0,0
XVG,2133.0,0
XVS,5.0,0
XVS,67.0,0
XVS,1735.0,0
XVS,1825.0,0
XVS,19.0,1
XVS,184.0,0
XVS,357.0,0
XVS,1751.0,0
XVS,1865.0,0
XVS,2131.0,0
XVS,2133.0,0
YFI,101.0,1
YFI,79.0,1
YFI,180.0,0
YFI,169.0,0
YFI,71.0,0
YFI,5.0,0
YFI,179.0,0
YFI,187.0,0
YFI,309.0,0
YFI,2131.0,0
YFI,78.0,0
YFI,114.0,0
YFI,201.0,0
YFI,1949.0,0
YFI,2006.0,0
YFI,8.0,0
YFI,75.0,0
YFI,192.0,0
YFI,322.0,0
YFI,364.0,0
YFI,1730.0,0
YFI,1878.0,0
YFI,2104.0,0
YFI,2133.0,0
YGG,5.0,0
YGG,49.0,0
YGG,190.0,0
YGG,210.0,0
YGG,8.0,0
YGG,2133.0,0
YGG,17.0,0
YGG,18.0,1
YGG,78.0,0
YGG,181.0,0
YGG,182.0,0
YGG,275.0,0
YGG,1251.0,0
YGG,1475.0,0
YGG,1544.0,0
YGG,1545.0,1
YGG,1735.0,0
YGG,1751.0,0
YGG,1773.0,0
YGG,1825.0,0
YGG,1864.0,0
YGG,1865.0,0
YGG,1957.0,0
YGG,2000.0,0
ZEC,79.0,1
ZEC,180.0,0
ZEC,169.0,0
ZEC,5.0,0
ZEC,71.0,1
ZEC,101.0,0
ZEC,66.0,0
ZEC,309.0,0
ZEC,67.0,0
ZEC,75.0,0
ZEC,78.0,0
ZEC,158.0,0
ZEC,182.0,0
ZEC,2103.0,0
ZEC,2131.0,0
ZEC,8.0,0
ZEC,29.0,0
ZEC,61.0,0
ZEC,132.0,0
ZEC,183.0,0
ZEC,192.0,0
ZEC,323.0,0
ZEC,324.0,0
ZEC,325.0,0
ZEC,882.0,0
ZEC,922.0,0
ZEC,1868.0,0
ZEC,2006.0,0
ZEC,2088.0,0
ZEN,79.0,1
ZEN,71.0,0
ZEN,5.0,0
ZEN,169.0,0
ZEN,210.0,0
ZEN,2119.0,0
ZEN,66.0,0
ZEN,78.0,0
ZEN,101.0,0
ZEN,2133.0,0
ZEN,49.0,0
ZEN,75.0,0
ZEN,178.0,0
ZEN,309.0,0
ZEN,322.0,0
ZEN,345.0,0
ZEN,357.0,0
ZEN,1868.0,0
ZEN,2131.0,0
ZIL,79.0,1
ZIL,101.0,0
ZIL,169.0,0
ZIL,5.0,0
ZIL,19.0,0
ZIL,78.0,0
ZIL,71.0,0
ZIL,1878.0,0
ZIL,3.0,0
ZIL,17.0,0
ZIL,18.0,0
ZIL,66.0,0
ZIL,114.0,0
ZIL,183.0,0
ZIL,309.0,0
ZIL,2006.0,0
ZIL,2088.0,0
ZIL,2269.0,0
ZRX,79.0,1
ZRX,101.0,0
ZRX,5.0,0
ZRX,169.0,0
ZRX,71.0,0
ZRX,173.0,0
ZRX,78.0,0
ZRX,19.0,1
ZRX,49.0,0
ZRX,66.0,0
ZRX,180.0,0
ZRX,309.0,0
ZRX,330.0,0
ZRX,1751.0,0
ZRX,1825.0,0
ZRX,8.0,0
ZRX,29.0,0
ZRX,61.0,0
ZRX,75.0,0
ZRX,81.0,0
ZRX,119.0,0
ZRX,181.0,0
ZRX,187.0,0
ZRX,190.0,0
ZRX,192.0,0
ZRX,357.0,0
ZRX,2088.0,0
ZRX,2099.0,0
ZRX,2119.0,0
ZRX,2131.0,0